date,temperature,rainfall,solar_rad,wind
20150101,-1.54,0.00,6.41,3.14
20150102,3.82,0.00,5.44,4.05
20150103,5.54,0.00,12.90,4.37
20150104,1.03,0.00,7.31,3.34
20150105,7.20,0.00,9.43,4.80
20150106,9.32,0.00,10.12,1.78
20150107,3.38,0.00,5.66,3.32
20150108,10.91,0.00,9.95,4.23
20150109,0.17,0.00,5.61,3.94
20150110,7.01,0.00,6.02,3.66
20150111,5.25,0.00,11.07,3.31
20150112,3.75,0.00,8.85,4.75
20150113,4.27,0.00,9.50,3.68
20150114,6.16,0.00,9.92,2.60
20150115,5.26,0.00,9.28,2.14
20150116,3.80,0.00,7.97,3.50
20150117,-2.45,0.00,10.24,2.25
20150118,6.74,0.00,7.11,2.30
20150119,4.21,0.00,6.86,3.22
20150120,10.71,0.00,7.43,3.79
20150121,3.37,0.00,5.54,4.22
20150122,2.03,0.00,7.07,4.70
20150123,7.35,0.00,9.05,3.87
20150124,7.98,0.00,9.98,3.34
20150125,3.04,0.00,7.50,3.76
20150126,3.57,0.00,9.20,4.46
20150127,3.51,0.00,9.34,4.18
20150128,5.49,0.00,13.37,5.30
20150101,4.37,0.00,10.54,4.18
20150102,10.66,0.00,10.02,2.75
20150103,1.68,0.00,12.25,3.70
20150204,5.23,0.00,10.10,3.95
20150205,0.61,0.00,9.27,2.25
20150206,11.66,0.00,9.71,1.86
20150207,6.43,0.00,12.55,4.24
20150208,2.30,0.00,5.00,2.73
20150209,10.50,0.00,10.85,3.37
20150210,-0.06,0.00,11.05,5.16
20150211,-2.95,0.00,11.91,4.35
20150212,2.38,0.00,10.90,2.37
20150213,1.06,0.00,9.03,2.52
20150214,5.82,0.00,10.97,3.48
20150215,3.50,0.00,13.37,3.35
20150216,6.03,0.00,13.72,4.67
20150217,8.12,0.00,11.93,3.58
20150218,12.23,0.00,12.74,3.37
20150219,12.27,0.00,12.34,4.16
20150220,2.29,0.00,11.40,3.24
20150221,2.76,0.00,12.26,2.81
20150222,8.13,0.00,14.36,3.62
20150223,3.52,0.00,7.45,2.67
20150224,10.49,4.59,15.34,3.68
20150225,11.34,0.00,10.95,4.96
20150226,2.92,0.00,11.56,2.67
20150227,5.81,0.00,14.51,3.45
20150228,9.62,0.00,10.97,4.48
20150201,3.57,0.00,10.73,3.70
20150202,5.17,0.00,11.12,3.14
20150203,15.43,0.00,17.12,2.94
20150204,4.22,0.00,12.35,5.16
20150205,12.55,0.00,14.56,5.87
20150306,12.47,0.00,11.77,2.49
20150307,10.22,0.00,15.79,2.46
20150308,11.80,0.00,13.03,3.59
20150309,5.40,0.00,9.28,3.66
20150310,19.95,0.00,13.99,1.51
20150311,7.25,0.00,12.01,3.37
20150312,9.05,0.00,14.61,3.88
20150313,15.59,0.00,13.23,4.81
20150314,15.87,0.00,15.82,4.23
20150315,14.95,0.00,12.04,3.13
20150316,3.02,0.00,18.82,4.08
20150317,14.86,0.00,12.87,2.33
20150318,12.22,0.00,13.76,4.54
20150319,5.38,0.00,14.15,3.30
20150320,11.64,0.00,15.70,3.27
20150321,13.80,0.00,15.94,3.62
20150322,9.96,0.00,14.48,4.76
20150323,0.35,0.00,12.31,3.02
20150324,10.33,0.00,17.30,1.77
20150325,9.89,0.00,13.60,3.77
20150326,14.82,0.00,12.60,5.00
20150327,15.62,0.00,16.42,3.39
20150328,17.29,0.00,15.15,4.11
20150301,14.43,0.00,14.74,4.57
20150302,16.95,0.00,15.63,2.66
20150303,16.27,0.00,18.02,3.83
20150304,22.44,0.00,14.47,2.66
20150305,13.86,0.00,19.14,3.81
20150306,21.46,16.61,19.58,2.46
20150307,16.97,0.00,18.41,4.15
20150308,14.99,0.00,17.98,2.09
20150409,13.15,0.00,17.65,5.62
20150410,19.28,2.73,16.83,1.79
20150411,12.46,0.00,15.87,4.08
20150412,17.08,0.00,16.96,2.26
20150413,12.20,0.00,21.67,3.09
20150414,19.58,0.00,17.54,3.93
20150415,19.68,0.00,22.78,3.68
20150416,16.85,0.00,22.13,4.39
20150417,16.09,2.19,19.47,4.25
20150418,9.16,0.00,16.62,4.08
20150419,22.14,3.45,19.74,1.79
20150420,14.22,0.00,21.54,5.80
20150421,19.04,0.00,19.36,2.53
20150422,21.04,0.00,18.60,3.39
20150423,21.52,0.00,21.99,3.52
20150424,12.43,0.00,19.00,2.73
20150425,25.95,0.00,19.85,2.69
20150426,25.57,0.00,20.30,2.01
20150427,26.14,0.00,21.77,4.51
20150428,25.56,1.70,20.35,3.82
20150401,25.26,0.00,18.55,3.30
20150402,27.26,0.00,20.46,2.42
20150403,25.78,0.00,19.74,3.28
20150404,22.04,0.00,23.64,2.37
20150405,30.45,0.00,16.90,1.90
20150406,22.85,0.00,16.34,3.84
20150407,21.20,3.65,22.00,2.23
20150408,28.28,0.00,22.44,4.66
20150409,18.83,2.45,21.62,3.74
20150410,28.28,0.00,21.15,2.56
20150511,35.98,0.00,21.08,2.47
20150512,21.70,0.00,23.66,4.37
20150513,25.36,5.68,21.64,3.30
20150514,25.94,0.00,20.90,3.11
20150515,19.54,1.93,21.11,3.15
20150516,21.98,0.00,22.19,3.72
20150517,25.42,0.00,20.12,4.24
20150518,23.29,0.00,17.58,3.62
20150519,21.96,0.00,20.97,2.99
20150520,24.43,0.00,22.12,4.39
20150521,28.11,0.00,19.56,2.07
20150522,24.54,0.00,22.97,1.65
20150523,25.95,0.00,21.51,5.30
20150524,23.33,0.00,27.19,2.12
20150525,24.84,0.00,28.99,1.61
20150526,28.59,3.54,21.60,3.10
20150527,21.44,0.00,20.51,2.97
20150528,24.06,5.37,22.33,5.12
20150501,31.12,0.00,24.68,2.63
20150502,27.98,0.00,20.65,2.53
20150503,32.21,0.00,24.10,3.55
20150504,28.91,0.00,24.60,3.56
20150505,23.95,0.00,25.56,4.81
20150506,30.03,13.92,23.05,3.42
20150507,26.47,0.00,26.62,2.34
20150508,27.37,0.00,25.86,0.97
20150509,32.02,0.00,22.70,3.35
20150510,33.43,0.00,20.73,2.22
20150511,24.44,0.00,23.43,2.87
20150512,28.88,0.00,27.07,3.60
20150513,21.40,0.00,23.30,4.55
20150614,27.21,0.00,23.31,3.36
20150615,34.27,0.00,23.94,3.60
20150616,27.74,0.00,24.35,0.54
20150617,23.41,0.00,24.55,4.25
20150618,32.88,0.00,23.00,4.60
20150619,28.63,0.00,19.28,2.43
20150620,27.53,0.00,19.00,4.20
20150621,33.93,0.00,22.78,4.84
20150622,27.89,4.72,23.53,3.36
20150623,34.65,0.00,26.73,4.29
20150624,32.99,0.00,27.41,2.94
20150625,27.89,0.00,20.57,3.15
20150626,30.30,3.04,23.46,3.46
20150627,34.78,0.00,21.65,3.34
20150628,32.43,0.00,25.26,3.07
20150601,29.18,0.00,23.59,4.35
20150602,33.04,3.67,26.53,3.37
20150603,20.51,0.00,29.49,3.34
20150604,27.04,0.00,22.75,3.89
20150605,34.27,5.48,23.33,4.05
20150606,31.21,0.00,27.69,2.30
20150607,30.23,0.00,22.72,2.57
20150608,30.06,0.00,22.67,3.73
20150609,34.75,0.00,25.33,4.59
20150610,26.11,5.77,20.73,5.28
20150611,28.07,8.43,22.57,2.86
20150612,33.17,0.00,25.75,3.34
20150613,28.96,0.00,27.40,2.03
20150614,34.59,0.00,25.42,4.36
20150615,37.23,0.00,24.66,1.45
20150716,32.05,0.00,23.54,4.64
20150717,32.33,0.00,23.41,3.80
20150718,30.28,0.00,22.36,3.14
20150719,32.59,4.55,25.01,3.01
20150720,35.48,0.00,23.16,3.26
20150721,37.22,1.20,27.07,3.20
20150722,31.63,0.00,23.75,4.71
20150723,39.90,0.00,23.40,5.27
20150724,32.45,0.00,22.85,3.10
20150725,33.02,0.00,24.36,3.51
20150726,34.28,0.00,23.08,3.66
20150727,32.32,0.00,25.77,2.34
20150728,24.27,0.00,22.89,4.77
20150701,31.68,0.00,27.70,3.82
20150702,30.19,0.00,24.38,2.74
20150703,33.52,0.00,20.42,3.06
20150704,33.85,0.00,24.99,2.96
20150705,37.74,0.00,22.74,3.79
20150706,27.47,0.00,25.39,3.63
20150707,29.53,6.63,22.13,3.21
20150708,33.98,0.00,19.14,4.07
20150709,32.67,0.00,21.27,1.28
20150710,26.65,0.00,26.86,5.76
20150711,32.79,0.00,21.95,3.85
20150712,33.26,0.00,25.22,2.51
20150713,22.78,0.00,20.14,5.64
20150714,30.63,0.00,23.61,4.41
20150715,31.51,0.00,24.34,3.92
20150716,28.42,0.00,24.07,3.75
20150717,34.63,0.00,21.65,3.26
20150818,33.50,0.00,24.33,4.62
20150819,22.82,0.00,20.43,2.77
20150820,31.44,7.53,22.58,2.62
20150821,29.36,0.00,16.79,5.12
20150822,28.41,0.00,16.46,2.98
20150823,33.94,0.00,23.58,2.53
20150824,28.20,0.00,22.46,3.86
20150825,29.83,3.96,19.45,3.34
20150826,29.63,0.00,20.10,4.88
20150827,27.63,0.00,23.87,4.14
20150828,30.05,0.00,18.18,2.17
20150801,28.25,0.00,20.73,5.28
20150802,36.46,0.00,21.33,2.49
20150803,30.85,0.00,23.50,2.88
20150804,31.66,0.00,23.37,4.01
20150805,37.13,0.00,24.60,1.78
20150806,26.01,0.00,23.52,2.78
20150807,25.99,0.00,20.78,3.89
20150808,26.84,0.00,17.41,1.20
20150809,33.82,0.00,19.26,4.02
20150810,31.23,0.00,20.96,4.28
20150811,28.71,0.00,14.23,4.67
20150812,30.61,0.00,20.00,2.52
20150813,25.86,0.00,21.07,3.32
20150814,31.15,0.00,21.98,5.05
20150815,28.88,2.91,18.80,2.22
20150816,32.35,0.00,13.78,1.53
20150817,26.48,0.00,21.49,3.59
20150818,29.49,0.00,21.61,3.14
20150819,29.55,0.00,20.40,3.97
20150820,32.59,0.00,17.70,3.54
20150921,22.11,0.00,21.58,2.81
20150922,19.84,0.00,17.39,3.42
20150923,23.92,0.00,16.23,4.98
20150924,25.19,0.00,19.68,3.26
20150925,27.73,0.00,17.11,3.19
20150926,27.68,0.00,16.06,2.61
20150927,23.23,0.00,17.68,3.11
20150928,25.89,0.00,16.11,4.45
20150901,15.74,0.00,20.45,4.99
20150902,25.70,0.00,19.02,3.02
20150903,30.95,0.00,18.79,2.59
20150904,28.45,0.00,16.65,3.02
20150905,23.87,0.00,18.69,4.30
20150906,37.80,0.00,19.20,2.79
20150907,23.19,0.00,19.18,3.73
20150908,24.30,0.00,18.47,2.97
20150909,25.18,0.00,16.20,2.85
20150910,19.30,0.00,16.50,2.72
20150911,19.81,0.00,14.22,5.59
20150912,22.16,0.00,15.91,1.66
20150913,16.88,0.00,15.91,2.24
20150914,29.30,0.00,18.42,4.66
20150915,21.35,0.00,15.93,1.59
20150916,12.64,0.00,17.30,3.55
20150917,28.76,0.00,16.55,4.22
20150918,17.42,0.00,16.01,4.58
20150919,26.18,0.00,13.61,4.22
20150920,25.38,0.00,16.50,4.25
20150921,25.58,0.00,15.81,3.68
20150922,20.85,0.00,14.04,2.35
20151023,19.55,0.00,15.81,4.22
20151024,19.64,0.00,13.52,4.24
20151025,21.51,0.00,12.89,4.22
20151026,19.76,0.00,20.31,4.04
20151027,19.85,0.00,12.84,3.30
20151028,20.92,0.00,13.85,3.29
20151001,19.34,0.00,17.32,3.39
20151002,20.86,0.00,11.04,3.50
20151003,17.14,0.00,11.67,2.49
20151004,19.52,0.00,15.23,3.45
20151005,19.00,0.00,15.89,4.62
20151006,22.14,0.00,14.89,2.75
20151007,19.42,0.00,12.91,4.69
20151008,16.45,0.00,10.85,2.29
20151009,19.27,0.00,14.08,3.09
20151010,14.43,0.00,14.32,2.48
20151011,15.77,0.00,13.80,2.73
20151012,14.53,0.00,10.27,4.15
20151013,19.52,0.00,15.73,3.88
20151014,12.53,0.00,11.11,1.08
20151015,16.19,0.00,14.51,3.95
20151016,8.39,0.00,13.25,1.28
20151017,11.70,0.00,11.85,1.44
20151018,12.72,0.00,15.77,3.01
20151019,10.88,0.00,12.18,4.02
20151020,20.03,0.00,8.66,3.49
20151021,14.12,0.00,12.97,2.72
20151022,16.90,0.00,10.81,4.40
20151023,14.27,0.00,10.78,4.26
20151024,24.86,0.00,8.65,3.22
20151025,10.84,0.00,10.59,5.99
20151126,15.91,0.00,9.36,3.25
20151127,20.93,0.00,10.95,1.91
20151128,18.63,0.00,9.96,3.28
20151101,5.52,0.00,10.12,5.10
20151102,9.27,0.00,10.79,3.64
20151103,23.49,0.00,7.14,2.74
20151104,12.81,0.00,8.67,3.10
20151105,13.56,0.00,8.88,3.57
20151106,0.10,0.00,10.83,3.43
20151107,10.19,0.00,9.30,2.34
20151108,11.57,0.00,7.50,4.44
20151109,17.34,0.00,7.96,3.36
20151110,15.31,0.00,8.16,2.85
20151111,11.09,0.00,12.02,3.27
20151112,14.74,0.00,8.31,4.48
20151113,10.82,0.00,7.63,3.10
20151114,9.97,0.00,8.90,4.15
20151115,3.57,0.00,12.82,2.84
20151116,5.58,0.00,8.96,1.81
20151117,11.22,0.00,10.22,2.65
20151118,11.42,0.00,6.78,2.94
20151119,9.58,0.00,10.03,5.58
20151120,10.90,0.00,7.57,4.77
20151121,9.68,0.00,7.29,3.67
20151122,-1.33,0.00,7.09,2.42
20151123,14.85,0.00,8.42,3.29
20151124,9.86,0.00,5.45,2.88
20151125,4.74,0.00,10.48,3.01
20151126,5.22,0.00,9.28,5.09
20151127,8.74,0.00,6.83,2.70
20151228,0.47,0.00,8.59,3.08
20151201,15.86,0.00,11.37,3.69
20151202,11.17,0.00,7.62,3.82
20151203,9.49,0.00,8.72,3.16
20151204,4.99,0.00,7.30,3.08
20151205,8.51,0.00,9.25,2.66
20151206,0.44,0.00,8.44,3.03
20151207,6.91,0.00,7.78,3.81
20151208,2.04,0.00,6.49,1.96
20151209,7.57,0.00,8.00,4.19
20151210,7.31,0.00,8.59,1.58
20151211,2.05,0.00,8.40,4.58
20151212,1.09,0.00,6.56,4.69
20151213,9.06,0.00,7.75,3.31
20151214,4.46,0.00,8.21,5.17
20151215,4.48,0.00,5.87,2.91
20151216,6.53,0.00,7.21,3.25
20151217,2.86,0.00,10.30,2.01
20151218,11.81,0.00,7.97,3.25
20151219,8.37,0.00,6.99,3.47
20151220,-0.43,0.00,6.34,2.53
20151221,1.87,0.00,9.56,3.07
20151222,4.79,0.00,10.65,3.66
20151223,-2.17,0.00,8.75,5.36
20151224,2.12,0.00,7.75,2.02
20151225,3.04,0.00,9.52,1.02
20151226,9.63,0.00,9.77,3.48
20151227,5.19,0.00,8.26,2.40
20151228,8.56,0.00,8.95,3.78
20151201,3.12,0.00,5.52,3.70
20160101,5.42,0.00,5.00,4.77
20160102,3.58,0.00,7.63,2.84
20160103,2.62,0.00,7.11,5.50
20160104,8.95,0.00,7.07,1.54
20160105,-1.26,0.00,10.52,4.67
20160106,4.61,0.00,9.12,3.32
20160107,7.09,0.00,7.54,3.29
20160108,-2.66,0.00,9.34,3.78
20160109,-5.73,0.00,9.21,4.21
20160110,3.89,0.00,5.96,3.22
20160111,-0.11,0.00,10.95,5.07
20160112,4.29,0.00,10.21,3.90
20160113,11.84,0.00,5.00,3.50
20160114,2.89,0.00,9.03,3.49
20160115,2.79,0.00,9.56,3.84
20160116,4.86,0.00,6.65,4.65
20160117,3.31,0.00,11.78,3.93
20160118,2.47,0.00,9.71,1.98
20160119,3.03,0.00,11.81,5.14
20160120,1.46,0.00,6.50,3.70
20160121,7.65,0.00,6.64,4.36
20160122,3.86,0.00,8.58,2.67
20160123,6.28,0.00,11.71,2.91
20160124,-2.91,0.00,10.09,1.96
20160125,1.60,0.00,6.75,4.27
20160126,6.01,0.00,9.48,2.93
20160127,3.14,0.00,9.68,3.34
20160128,1.82,0.00,13.85,2.33
20160101,4.25,0.00,11.78,2.70
20160102,12.93,0.00,9.27,2.19
20160103,7.54,0.00,9.40,2.62
20160204,2.73,0.00,11.86,1.36
20160205,-4.28,0.00,8.48,4.11
20160206,5.73,0.00,12.07,3.15
20160207,4.75,0.00,11.84,2.80
20160208,-0.55,0.00,10.36,3.27
20160209,1.62,0.00,7.11,2.94
20160210,10.88,0.00,11.48,3.88
20160211,7.54,0.00,12.77,3.57
20160212,7.93,0.00,10.99,4.65
20160213,11.83,0.00,9.42,3.26
20160214,-2.44,0.00,9.54,3.99
20160215,7.23,0.00,9.19,3.07
20160216,6.86,0.00,10.90,3.04
20160217,5.65,0.00,12.00,2.76
20160218,1.75,0.00,9.72,3.02
20160219,12.34,0.00,12.11,3.84
20160220,13.94,0.00,12.65,3.23
20160221,7.78,0.00,11.25,3.97
20160222,-1.25,0.00,13.35,2.48
20160223,3.63,0.00,10.33,3.06
20160224,4.61,0.00,10.90,1.33
20160225,17.32,0.00,13.12,3.35
20160226,13.37,0.00,14.73,4.59
20160227,11.51,0.00,14.41,1.85
20160228,11.87,0.00,13.33,2.11
20160201,13.81,0.00,14.10,1.59
20160202,7.97,0.00,11.43,2.77
20160203,15.92,0.00,13.78,5.55
20160204,3.34,0.00,12.49,2.80
20160205,7.58,0.00,10.31,2.30
20160306,7.16,0.00,15.64,3.06
20160307,11.06,0.00,13.16,3.65
20160308,7.43,0.00,13.29,3.46
20160309,10.98,0.00,12.45,2.08
20160310,9.89,0.00,12.94,3.32
20160311,7.52,0.00,14.93,2.53
20160312,12.02,0.00,15.70,4.03
20160313,10.70,0.00,16.43,3.86
20160314,3.65,0.00,14.93,4.22
20160315,7.23,0.00,15.36,3.82
20160316,6.42,0.00,17.04,4.24
20160317,11.23,0.00,15.45,3.00
20160318,5.49,0.00,14.78,3.64
20160319,4.83,0.00,15.78,3.16
20160320,9.25,0.00,15.73,3.04
20160321,11.04,0.00,14.17,3.07
20160322,10.16,0.00,12.86,2.31
20160323,12.92,0.00,16.03,5.39
20160324,16.00,0.00,16.68,3.28
20160325,10.10,0.00,13.19,1.08
20160326,9.04,0.00,14.21,3.37
20160327,12.09,0.00,18.05,4.41
20160328,17.35,0.00,15.39,3.84
20160301,13.19,0.00,17.35,2.31
20160302,7.96,0.00,20.20,4.51
20160303,29.54,0.00,15.54,1.12
20160304,11.47,0.00,20.15,2.39
20160305,13.84,0.00,14.43,3.16
20160306,14.06,0.00,17.75,4.09
20160307,21.04,0.00,16.95,3.41
20160308,17.60,0.00,15.55,2.88
20160409,19.00,0.00,19.25,2.02
20160410,18.73,0.00,17.36,3.38
20160411,15.64,0.00,17.04,2.68
20160412,18.29,0.00,18.71,3.25
20160413,21.09,0.00,16.63,2.17
20160414,22.06,0.00,15.76,3.64
20160415,19.13,0.00,19.28,2.91
20160416,23.23,0.00,20.86,4.45
20160417,20.02,0.00,16.61,5.35
20160418,18.41,0.00,18.93,4.35
20160419,20.03,0.00,14.37,3.46
20160420,18.17,0.00,19.09,3.34
20160421,17.20,0.00,19.74,2.89
20160422,15.69,0.00,19.56,3.04
20160423,18.16,0.00,17.85,1.52
20160424,23.42,0.00,20.37,3.28
20160425,21.72,0.00,17.07,4.55
20160426,16.01,0.00,18.48,0.97
20160427,17.68,0.00,22.51,0.89
20160428,14.37,0.00,22.01,4.59
20160401,27.10,3.50,21.99,3.13
20160402,21.18,0.00,19.50,4.29
20160403,17.29,0.00,19.00,3.48
20160404,20.30,0.00,16.55,2.51
20160405,25.99,0.00,19.25,4.49
20160406,19.70,0.00,21.12,3.77
20160407,26.25,11.44,18.59,3.04
20160408,21.66,0.00,20.96,3.56
20160409,15.80,0.00,22.05,5.05
20160410,25.91,0.00,18.75,3.35
20160511,23.02,0.00,19.69,3.51
20160512,25.23,0.00,25.74,2.38
20160513,17.18,0.00,18.95,3.14
20160514,23.31,0.00,23.07,3.99
20160515,24.40,0.00,23.31,3.04
20160516,26.42,0.00,21.67,2.88
20160517,31.20,0.00,18.94,3.83
20160518,14.30,0.00,23.38,4.75
20160519,25.49,0.00,25.81,4.37
20160520,30.02,0.00,23.29,1.58
20160521,26.97,0.00,20.07,1.87
20160522,29.82,0.00,21.03,4.57
20160523,25.78,0.00,21.50,1.61
20160524,25.95,0.00,20.88,4.14
20160525,30.05,0.00,23.57,3.23
20160526,24.93,0.00,21.11,2.98
20160527,25.99,0.00,24.14,2.40
20160528,31.92,0.00,26.69,3.51
20160501,24.63,0.00,23.44,3.27
20160502,26.61,0.00,18.40,3.05
20160503,26.34,1.19,22.60,2.22
20160504,29.79,0.00,23.23,3.74
20160505,26.40,0.00,24.09,4.11
20160506,31.16,8.33,20.30,2.94
20160507,27.67,0.00,26.75,4.54
20160508,27.42,0.00,20.44,2.37
20160509,33.50,0.00,24.54,2.66
20160510,27.08,15.65,24.37,4.38
20160511,19.62,0.00,20.07,2.65
20160512,31.42,0.00,19.98,4.54
20160513,27.58,0.00,24.50,3.19
20160614,35.79,0.00,27.62,2.49
20160615,25.18,0.00,24.10,2.26
20160616,26.53,0.00,24.05,4.55
20160617,30.97,0.00,22.19,3.59
20160618,29.93,3.14,25.85,3.71
20160619,28.43,0.00,27.81,2.81
20160620,39.15,0.00,20.86,5.42
20160621,29.59,0.00,24.74,3.16
20160622,33.92,0.00,24.75,3.26
20160623,23.24,0.00,22.84,3.26
20160624,32.02,0.00,25.00,3.98
20160625,38.15,0.00,24.61,2.75
20160626,30.49,0.00,24.75,3.19
20160627,29.21,0.00,24.85,3.65
20160628,26.04,0.00,24.01,3.72
20160601,30.85,0.00,24.47,2.99
20160602,27.52,0.00,25.45,3.98
20160603,31.74,0.00,23.30,3.24
20160604,25.41,0.00,24.13,2.11
20160605,37.07,0.00,21.39,3.20
20160606,27.90,0.00,21.22,3.86
20160607,32.80,0.00,20.18,2.61
20160608,30.52,0.00,24.10,4.11
20160609,33.20,0.00,23.68,2.98
20160610,30.21,0.00,25.39,3.67
20160611,23.96,3.03,26.27,3.34
20160612,32.94,0.00,25.77,3.32
20160613,24.43,0.00,22.37,3.38
20160614,31.29,1.50,26.33,2.71
20160615,29.28,0.00,22.64,4.66
20160716,33.54,5.73,22.61,3.60
20160717,27.58,0.00,23.14,3.99
20160718,37.26,0.00,20.88,3.39
20160719,31.23,0.00,25.44,4.52
20160720,29.20,0.00,18.56,2.78
20160721,35.34,0.00,25.50,4.09
20160722,34.52,4.79,25.80,3.78
20160723,31.98,0.00,26.64,2.81
20160724,35.49,0.00,28.29,3.12
20160725,29.70,0.00,25.40,2.40
20160726,34.74,0.00,26.21,5.01
20160727,36.72,0.00,20.59,0.76
20160728,42.66,0.00,22.61,3.49
20160701,34.55,0.00,23.51,3.44
20160702,26.92,0.00,26.78,3.48
20160703,31.58,0.00,28.15,3.51
20160704,34.50,0.00,23.88,0.91
20160705,23.10,0.00,22.78,3.86
20160706,32.36,0.00,23.62,3.29
20160707,33.71,13.21,22.26,4.38
20160708,30.55,0.00,25.91,4.27
20160709,30.24,0.00,23.85,2.52
20160710,40.03,8.29,21.85,4.40
20160711,26.97,0.00,22.02,5.68
20160712,34.29,0.00,21.87,4.04
20160713,23.38,0.00,23.54,2.94
20160714,23.85,0.00,23.86,4.85
20160715,30.20,0.00,19.89,4.12
20160716,32.81,0.00,19.38,4.50
20160717,31.94,0.00,21.37,3.27
20160818,32.50,0.00,20.44,3.56
20160819,31.08,0.00,23.88,1.60
20160820,30.71,0.00,23.70,3.69
20160821,31.14,0.00,23.26,5.16
20160822,30.11,0.00,23.27,3.45
20160823,31.14,0.00,20.68,3.41
20160824,27.62,0.00,23.58,3.71
20160825,30.11,0.00,21.07,4.55
20160826,33.59,0.00,18.75,3.89
20160827,31.05,0.00,18.05,3.29
20160828,30.96,0.00,21.29,3.72
20160801,20.53,0.00,19.60,1.86
20160802,30.20,0.00,18.50,2.00
20160803,30.90,0.00,20.53,2.28
20160804,30.00,0.00,22.67,3.35
20160805,35.40,0.00,22.50,5.28
20160806,30.08,0.00,20.23,3.04
20160807,29.18,0.00,20.09,5.65
20160808,31.82,0.00,23.66,4.88
20160809,24.48,15.51,20.43,2.89
20160810,24.17,0.00,18.31,3.97
20160811,36.00,0.00,19.40,4.07
20160812,30.59,0.00,20.24,2.20
20160813,21.06,0.00,16.02,2.78
20160814,27.46,16.58,18.50,2.94
20160815,23.65,0.00,17.71,3.16
20160816,26.83,0.00,18.53,2.62
20160817,32.37,0.00,14.73,4.55
20160818,30.95,0.00,16.36,3.35
20160819,23.00,0.00,16.29,5.20
20160820,31.11,0.00,18.27,3.48
20160921,25.11,0.00,22.01,2.71
20160922,23.12,0.00,16.91,2.90
20160923,24.24,0.00,20.62,2.67
20160924,31.24,0.00,16.13,3.60
20160925,24.53,0.00,19.25,5.72
20160926,13.30,0.00,17.64,3.12
20160927,24.97,0.00,12.95,4.04
20160928,24.04,0.00,19.69,3.28
20160901,28.04,0.00,19.78,1.42
20160902,21.88,0.00,15.56,3.14
20160903,32.91,0.00,16.41,3.15
20160904,30.28,0.00,17.82,4.17
20160905,26.23,0.00,14.04,4.01
20160906,16.28,0.00,13.44,3.70
20160907,23.10,0.00,15.87,2.18
20160908,20.73,0.00,16.82,3.62
20160909,29.12,0.00,18.80,3.68
20160910,23.68,0.00,14.25,2.22
20160911,18.52,0.00,16.66,2.42
20160912,27.16,0.00,14.89,1.87
20160913,18.47,0.00,16.46,2.64
20160914,26.74,0.00,15.58,4.36
20160915,23.35,0.00,13.13,4.60
20160916,11.62,0.00,11.58,2.69
20160917,24.46,0.00,14.15,3.23
20160918,28.77,0.00,15.35,2.63
20160919,18.92,0.00,14.26,3.17
20160920,16.07,0.00,12.39,3.53
20160921,16.34,0.00,15.64,3.97
20160922,23.98,0.00,12.02,3.09
20161023,22.16,0.00,17.65,4.77
20161024,23.89,0.00,14.79,4.25
20161025,18.41,0.00,16.08,1.74
20161026,25.07,0.00,13.11,4.20
20161027,19.97,0.00,14.76,4.00
20161028,23.22,0.00,14.19,2.86
20161001,22.98,0.00,15.53,2.80
20161002,19.17,0.00,12.15,4.60
20161003,17.70,0.00,15.00,2.66
20161004,26.04,0.00,12.60,5.68
20161005,11.02,0.00,14.05,4.00
20161006,13.47,0.00,10.57,4.48
20161007,16.45,0.00,12.00,3.31
20161008,21.10,0.00,11.30,2.58
20161009,12.73,0.00,13.67,2.33
20161010,10.07,0.00,11.39,3.97
20161011,15.86,0.00,14.04,4.48
20161012,15.21,0.00,11.13,2.21
20161013,16.72,0.00,15.01,3.35
20161014,8.62,0.00,11.59,4.04
20161015,19.60,0.00,10.46,3.01
20161016,12.29,0.00,12.19,2.66
20161017,13.63,0.00,10.40,4.00
20161018,12.65,0.00,13.10,3.24
20161019,8.42,0.00,10.42,4.01
20161020,20.64,0.00,10.99,4.84
20161021,10.97,0.00,12.09,3.32
20161022,12.77,0.00,14.05,3.94
20161023,10.91,0.00,12.84,5.15
20161024,16.27,0.00,13.57,4.26
20161025,13.41,0.00,10.87,4.32
20161126,8.34,0.00,11.62,1.84
20161127,7.19,0.00,10.01,3.42
20161128,12.77,0.00,10.16,2.53
20161101,0.62,0.00,11.82,3.97
20161102,11.52,0.00,11.09,3.27
20161103,5.96,0.00,7.20,2.90
20161104,18.14,0.00,10.29,4.38
20161105,10.92,0.00,8.85,3.27
20161106,4.70,0.00,10.36,4.02
20161107,11.50,0.00,8.91,1.85
20161108,12.88,13.11,9.85,5.47
20161109,4.64,0.00,9.88,4.99
20161110,5.03,0.00,8.98,2.74
20161111,8.54,0.00,9.52,1.98
20161112,6.86,0.00,6.37,2.59
20161113,7.49,0.00,12.77,1.67
20161114,9.15,0.00,7.79,4.49
20161115,8.95,0.00,11.25,3.83
20161116,4.38,0.00,10.61,3.14
20161117,2.49,0.00,5.91,2.58
20161118,4.87,0.00,10.08,6.78
20161119,10.55,0.00,8.14,3.21
20161120,8.93,0.00,7.60,3.33
20161121,6.83,0.00,10.45,4.40
20161122,5.80,0.00,9.93,3.06
20161123,6.63,0.00,9.29,4.67
20161124,2.52,0.00,7.56,4.03
20161125,2.08,0.00,7.22,5.13
20161126,3.34,0.00,6.81,2.24
20161127,8.25,0.00,8.28,3.97
20161228,7.83,0.00,11.14,3.38
20161201,10.25,0.00,7.95,4.33
20161202,4.80,0.00,9.81,3.97
20161203,5.38,0.00,7.65,3.06
20161204,7.96,0.00,8.88,3.31
20161205,4.36,0.00,7.22,4.37
20161206,1.95,0.00,8.91,3.74
20161207,7.08,0.00,8.59,1.98
20161208,-0.14,0.00,8.93,4.78
20161209,4.14,0.00,7.57,5.24
20161210,6.65,0.00,7.03,3.93
20161211,10.92,0.00,6.54,4.75
20161212,5.54,0.00,6.03,3.30
20161213,6.59,0.00,8.31,4.05
20161214,4.91,0.00,8.46,2.59
20161215,8.19,0.00,7.48,2.69
20161216,7.74,0.00,7.11,1.29
20161217,3.95,0.00,5.00,3.79
20161218,4.80,0.00,7.20,4.37
20161219,4.83,0.00,10.24,3.10
20161220,8.25,0.00,6.32,4.86
20161221,10.13,0.00,5.06,3.20
20161222,1.14,0.00,5.39,2.16
20161223,2.27,0.00,6.93,3.14
20161224,5.77,0.00,5.00,2.19
20161225,11.04,0.00,11.74,4.89
20161226,8.92,0.00,11.22,3.00
20161227,13.39,0.00,9.40,3.09
20161228,2.29,0.00,7.25,2.63
20161201,0.29,0.00,6.47,3.69
20170101,9.29,0.00,9.88,3.41
20170102,7.02,0.00,8.69,4.52
20170103,6.14,0.00,7.35,4.24
20170104,1.32,0.00,9.19,4.50
20170105,8.25,0.00,7.94,3.40
20170106,9.01,0.00,5.00,4.73
20170107,5.41,0.00,7.14,2.90
20170108,-0.27,0.00,6.70,3.33
20170109,-1.50,0.00,10.00,2.35
20170110,6.25,0.00,6.96,3.57
20170111,7.74,0.00,9.26,4.66
20170112,7.10,0.00,10.72,2.15
20170113,2.83,0.00,6.17,2.66
20170114,11.89,0.00,9.11,3.75
20170115,3.23,0.00,10.62,2.78
20170116,11.31,0.00,8.05,3.32
20170117,5.15,0.00,9.45,1.26
20170118,2.32,0.00,7.57,3.33
20170119,5.16,0.00,9.04,1.90
20170120,2.67,0.00,7.66,3.07
20170121,4.07,0.00,9.80,3.21
20170122,0.23,0.00,5.00,3.78
20170123,1.26,0.00,9.07,4.69
20170124,1.73,0.00,8.08,1.41
20170125,4.40,0.00,9.14,4.52
20170126,0.80,0.00,11.15,4.40
20170127,-3.43,0.00,8.13,3.12
20170128,1.29,0.00,11.42,5.04
20170101,7.31,0.00,12.11,2.14
20170102,3.18,0.00,8.60,4.06
20170103,3.70,0.00,10.26,2.83
20170204,11.75,0.00,13.02,2.36
20170205,12.40,0.00,11.03,3.55
20170206,2.90,0.00,11.87,4.89
20170207,7.40,0.00,9.30,3.05
20170208,11.66,0.00,10.79,1.75
20170209,-1.59,0.00,11.68,4.47
20170210,6.27,0.00,7.16,2.46
20170211,-3.55,0.00,11.57,4.72
20170212,-1.51,0.00,11.95,3.68
20170213,-2.12,0.00,11.02,2.97
20170214,7.40,0.00,9.82,3.73
20170215,5.73,0.00,8.16,3.12
20170216,3.47,0.00,11.94,3.99
20170217,-2.20,0.00,12.32,3.87
20170218,6.71,0.00,12.18,1.56
20170219,3.93,0.00,10.75,2.90
20170220,9.14,0.00,10.10,2.36
20170221,6.74,0.00,9.90,3.73
20170222,4.84,0.00,7.36,3.33
20170223,11.73,0.00,9.74,2.48
20170224,9.54,0.00,14.18,3.40
20170225,5.30,0.00,13.15,4.37
20170226,4.48,0.00,10.00,3.83
20170227,15.16,0.00,13.82,2.97
20170228,11.79,0.00,13.79,2.07
20170201,4.88,4.04,13.79,3.57
20170202,14.42,0.00,11.16,3.30
20170203,6.44,15.38,15.55,4.89
20170204,19.78,0.00,13.66,3.68
20170205,7.59,0.00,17.20,1.09
20170306,7.96,0.00,11.33,2.69
20170307,9.54,0.00,12.48,3.20
20170308,9.03,0.00,8.99,2.87
20170309,5.18,0.00,12.88,3.86
20170310,10.01,0.00,11.26,2.89
20170311,13.69,0.00,14.34,1.83
20170312,13.23,0.00,15.30,2.44
20170313,8.33,0.00,17.63,1.59
20170314,12.45,0.00,16.98,3.64
20170315,6.76,0.00,11.05,4.42
20170316,10.68,0.00,13.66,3.94
20170317,4.55,0.00,13.38,4.89
20170318,12.22,0.00,12.48,4.24
20170319,11.50,0.00,16.78,3.11
20170320,8.98,0.00,13.63,3.12
20170321,11.99,0.00,15.15,2.56
20170322,15.46,0.00,13.50,2.12
20170323,19.74,0.00,18.88,2.34
20170324,8.50,0.00,15.22,3.14
20170325,12.11,0.00,17.95,2.10
20170326,16.34,0.00,21.33,4.07
20170327,17.98,6.22,14.38,2.48
20170328,17.07,0.00,15.27,2.72
20170301,11.32,0.00,15.85,2.17
20170302,10.46,0.00,16.48,3.92
20170303,12.38,0.00,15.14,3.37
20170304,19.34,0.00,15.22,3.70
20170305,13.25,0.00,18.53,3.11
20170306,17.26,0.00,19.41,4.22
20170307,14.63,0.00,15.73,4.39
20170308,11.25,0.00,20.64,1.74
20170409,17.30,0.00,17.28,3.87
20170410,12.11,3.42,16.89,2.95
20170411,12.48,0.00,15.53,1.89
20170412,17.01,0.00,16.92,3.26
20170413,12.68,0.00,15.78,3.63
20170414,14.32,0.00,20.09,1.87
20170415,21.06,0.00,16.03,3.16
20170416,13.84,0.00,17.91,3.67
20170417,16.92,0.00,20.73,4.48
20170418,13.17,0.00,21.14,3.96
20170419,18.39,0.00,15.51,4.42
20170420,10.84,0.00,21.04,1.96
20170421,23.47,0.00,18.59,4.73
20170422,17.84,0.00,19.33,4.06
20170423,28.23,0.00,19.30,5.05
20170424,29.19,0.00,22.34,4.05
20170425,22.38,0.00,16.36,3.52
20170426,19.56,0.00,17.39,4.84
20170427,19.56,0.00,19.44,3.76
20170428,23.61,0.00,18.00,2.81
20170401,20.86,17.42,21.73,4.21
20170402,21.82,7.24,20.64,3.42
20170403,12.55,0.00,20.03,3.58
20170404,24.59,0.00,20.87,2.35
20170405,24.32,0.00,20.40,4.37
20170406,20.80,0.00,20.15,5.41
20170407,15.70,0.00,20.15,3.51
20170408,16.51,0.00,22.30,3.13
20170409,20.98,0.00,23.01,1.86
20170410,28.63,0.00,22.89,2.57
20170511,31.13,0.00,24.90,2.80
20170512,20.89,0.00,22.88,3.78
20170513,28.75,0.00,20.89,1.53
20170514,14.75,0.00,22.83,2.53
20170515,26.41,5.33,18.60,3.81
20170516,26.58,0.00,23.19,3.26
20170517,25.36,0.00,22.29,4.09
20170518,28.05,0.00,23.71,3.76
20170519,27.82,0.00,23.44,3.65
20170520,35.13,0.00,24.54,3.43
20170521,19.48,0.00,24.80,4.21
20170522,28.87,0.00,23.03,2.05
20170523,33.08,0.00,20.40,3.05
20170524,21.12,0.00,21.68,2.26
20170525,24.42,0.00,22.07,4.17
20170526,25.80,0.00,20.17,4.37
20170527,22.06,0.00,20.20,3.94
20170528,22.61,0.00,26.77,3.78
20170501,17.94,0.00,23.30,4.06
20170502,28.92,0.00,25.09,3.39
20170503,22.42,8.94,23.41,1.63
20170504,32.19,9.63,24.79,4.81
20170505,34.65,0.00,25.48,2.47
20170506,27.64,0.00,23.42,1.49
20170507,27.53,0.00,23.80,3.81
20170508,22.55,0.00,23.75,2.40
20170509,28.38,0.00,22.04,4.34
20170510,28.12,0.00,26.62,3.13
20170511,28.67,29.31,25.31,3.07
20170512,32.38,0.00,21.24,3.89
20170513,35.78,0.00,24.17,5.79
20170614,26.53,0.00,24.81,2.40
20170615,33.56,0.00,22.46,3.37
20170616,24.75,0.00,22.91,2.21
20170617,30.82,0.00,21.66,2.92
20170618,33.53,0.00,20.70,4.45
20170619,34.02,0.00,22.98,2.70
20170620,29.82,4.34,23.41,2.98
20170621,30.49,0.00,23.49,2.93
20170622,36.96,0.00,25.03,2.59
20170623,33.13,8.14,29.16,3.50
20170624,26.60,11.51,18.78,2.52
20170625,27.45,0.00,24.31,4.12
20170626,35.18,5.28,24.55,0.59
20170627,29.54,6.56,23.34,4.81
20170628,27.75,0.00,24.47,4.05
20170601,30.40,0.00,22.76,2.04
20170602,27.83,0.00,26.44,3.12
20170603,36.70,2.13,24.35,4.72
20170604,22.79,0.00,24.76,2.60
20170605,31.60,0.00,26.85,4.65
20170606,22.82,0.00,22.32,3.30
20170607,30.64,0.00,25.17,4.26
20170608,31.76,0.00,24.02,2.53
20170609,34.79,0.00,22.05,4.86
20170610,31.31,0.00,23.92,3.20
20170611,34.47,4.04,24.92,3.15
20170612,30.33,0.00,25.21,3.66
20170613,30.79,0.00,27.51,4.91
20170614,27.18,0.00,24.94,3.70
20170615,33.52,0.00,28.86,5.48
20170716,32.01,0.00,24.14,2.72
20170717,34.07,1.84,22.46,2.77
20170718,30.46,0.00,22.87,1.73
20170719,37.66,0.00,26.60,3.61
20170720,34.05,0.00,23.84,2.98
20170721,31.61,0.00,22.82,4.21
20170722,26.12,0.00,24.44,3.90
20170723,36.21,0.00,24.44,4.14
20170724,32.94,0.00,23.31,3.50
20170725,29.69,0.00,25.09,3.89
20170726,36.59,0.00,22.71,3.83
20170727,28.49,7.77,25.10,3.47
20170728,30.12,0.00,25.70,3.29
20170701,28.23,0.00,20.69,2.94
20170702,36.72,0.00,23.70,3.56
20170703,18.25,0.00,24.65,1.25
20170704,36.09,0.00,19.53,5.19
20170705,30.95,0.00,23.27,2.54
20170706,35.95,0.00,25.36,2.10
20170707,33.88,2.73,19.81,5.82
20170708,25.04,0.00,24.15,3.08
20170709,30.64,0.00,24.03,3.52
20170710,30.82,0.97,18.03,2.62
20170711,33.65,0.00,21.55,0.66
20170712,33.28,0.00,22.42,4.59
20170713,35.17,0.00,21.77,2.79
20170714,37.31,0.00,22.39,3.87
20170715,34.45,0.00,21.71,3.20
20170716,29.07,0.00,22.46,1.97
20170717,26.00,0.00,25.01,5.20
20170818,23.43,0.00,20.09,2.74
20170819,29.58,0.00,22.85,0.82
20170820,27.93,0.00,21.86,1.64
20170821,26.26,0.00,23.56,5.07
20170822,25.68,0.00,20.81,3.86
20170823,29.08,0.00,19.96,2.60
20170824,35.83,0.00,22.31,2.40
20170825,27.04,0.00,19.90,5.26
20170826,35.01,0.00,22.01,4.79
20170827,24.60,0.00,23.87,2.42
20170828,31.97,0.00,21.11,2.20
20170801,28.98,0.00,24.22,3.91
20170802,29.58,0.00,21.93,1.62
20170803,24.89,0.00,18.77,1.57
20170804,30.94,0.00,22.84,3.13
20170805,27.17,0.00,21.06,2.96
20170806,30.89,0.00,19.14,4.56
20170807,27.60,0.00,19.85,2.86
20170808,29.46,0.00,16.57,3.21
20170809,27.09,0.00,24.01,3.66
20170810,24.98,0.00,20.69,2.85
20170811,26.79,0.00,19.92,5.16
20170812,32.26,0.00,18.16,2.15
20170813,31.03,0.00,18.82,2.93
20170814,31.10,0.00,18.15,3.13
20170815,20.33,0.00,20.12,2.78
20170816,23.41,0.00,21.40,2.40
20170817,25.43,0.00,23.67,4.28
20170818,27.64,0.00,20.13,3.83
20170819,25.59,0.00,17.55,1.58
20170820,24.62,0.00,16.49,2.92
20170921,19.61,0.00,17.87,2.05
20170922,28.91,0.00,17.05,1.91
20170923,25.33,0.00,19.22,4.17
20170924,28.84,0.00,18.03,1.35
20170925,29.10,0.00,19.57,3.27
20170926,24.96,0.00,11.90,3.03
20170927,35.16,0.00,16.94,3.57
20170928,26.39,0.00,17.25,3.59
20170901,22.38,0.00,19.61,4.09
20170902,25.31,0.00,18.47,2.71
20170903,21.45,0.00,16.14,1.89
20170904,27.24,0.00,19.01,3.16
20170905,28.24,0.00,14.60,3.09
20170906,24.44,0.00,16.13,3.53
20170907,21.53,0.00,18.06,3.25
20170908,19.79,0.00,17.41,1.27
20170909,20.12,0.00,17.03,1.39
20170910,23.59,0.00,17.76,4.07
20170911,22.03,1.58,20.52,3.30
20170912,18.61,0.00,11.70,5.60
20170913,24.58,0.00,14.92,2.42
20170914,22.36,0.00,12.42,4.34
20170915,20.25,0.00,17.28,4.09
20170916,19.18,0.00,17.47,2.95
20170917,22.07,0.00,12.72,1.85
20170918,17.66,0.00,15.08,4.34
20170919,19.14,0.00,15.34,1.39
20170920,20.50,0.00,16.99,2.66
20170921,20.02,0.00,14.96,2.46
20170922,14.13,0.00,15.27,2.28
20171023,25.43,0.00,10.59,4.04
20171024,19.92,0.00,16.84,2.80
20171025,22.37,0.00,17.43,3.41
20171026,19.43,0.00,13.87,3.86
20171027,18.16,0.00,14.03,2.87
20171028,21.15,0.00,11.65,3.11
20171001,11.94,0.00,15.32,5.83
20171002,19.56,0.00,16.47,4.14
20171003,10.74,0.00,14.07,3.71
20171004,18.43,0.00,9.54,3.79
20171005,22.32,0.00,14.24,2.89
20171006,16.89,0.00,14.66,2.50
20171007,17.80,0.00,12.85,2.19
20171008,18.53,0.00,10.19,3.23
20171009,15.57,0.00,11.67,3.51
20171010,18.90,0.00,14.45,3.43
20171011,12.28,0.00,14.43,2.73
20171012,13.81,0.00,15.36,5.38
20171013,15.93,0.00,10.23,3.09
20171014,11.58,0.00,14.53,2.35
20171015,21.17,0.00,10.52,2.04
20171016,17.96,0.00,11.83,0.54
20171017,12.46,0.00,6.19,5.36
20171018,15.86,0.00,10.95,4.33
20171019,19.49,0.00,9.40,5.51
20171020,9.96,0.00,10.62,3.28
20171021,6.38,0.00,8.93,3.27
20171022,14.93,0.00,11.02,4.86
20171023,15.02,0.00,13.80,3.42
20171024,13.91,0.00,10.50,4.73
20171025,10.76,0.00,9.03,3.34
20171126,11.78,0.00,9.87,1.11
20171127,17.38,0.00,12.16,2.40
20171128,14.87,0.00,13.48,3.33
20171101,10.51,0.00,5.93,2.94
20171102,9.45,0.00,9.28,4.38
20171103,10.08,0.00,8.70,2.34
20171104,12.91,0.00,9.33,3.70
20171105,11.46,0.00,11.47,2.12
20171106,7.88,0.00,9.15,4.04
20171107,7.31,0.00,5.45,2.72
20171108,8.91,0.00,11.25,4.12
20171109,14.14,0.00,9.81,3.33
20171110,18.16,0.00,6.72,3.52
20171111,9.39,0.00,10.04,3.61
20171112,7.46,0.00,14.12,2.84
20171113,11.86,0.00,6.03,4.37
20171114,10.50,0.00,11.55,3.76
20171115,6.68,0.00,9.58,5.69
20171116,12.46,0.00,10.70,4.05
20171117,8.82,0.00,7.68,2.11
20171118,10.71,0.00,11.35,3.44
20171119,14.06,0.00,7.79,3.30
20171120,11.95,0.00,7.61,3.43
20171121,10.22,0.00,10.04,4.46
20171122,8.03,0.00,13.47,2.96
20171123,9.57,0.00,9.70,3.30
20171124,5.65,0.00,8.00,3.61
20171125,12.36,0.00,8.12,2.94
20171126,2.11,0.00,9.07,4.19
20171127,10.89,0.00,8.62,3.29
20171228,3.74,0.00,9.60,5.81
20171201,5.90,0.00,15.03,3.65
20171202,5.98,4.63,10.25,1.76
20171203,4.80,0.00,9.38,3.27
20171204,4.87,0.00,8.86,3.12
20171205,3.62,0.00,6.56,3.57
20171206,0.01,0.00,8.38,4.54
20171207,3.30,0.00,7.93,2.99
20171208,-4.55,0.00,8.54,3.50
20171209,2.43,0.00,7.47,4.94
20171210,8.29,0.00,5.58,2.49
20171211,3.76,0.00,11.18,3.72
20171212,1.05,0.00,11.62,3.06
20171213,7.65,0.00,6.86,3.21
20171214,4.09,0.00,8.65,4.50
20171215,-1.93,0.00,9.34,3.59
20171216,9.45,0.00,7.08,2.54
20171217,8.43,0.00,7.07,3.32
20171218,7.16,0.00,6.04,3.93
20171219,0.06,0.00,5.00,3.51
20171220,5.01,0.00,7.40,3.88
20171221,1.67,0.00,7.64,3.92
20171222,-3.17,0.00,7.69,4.22
20171223,0.02,0.00,9.37,4.23
20171224,5.34,0.00,7.99,4.28
20171225,3.36,0.00,5.82,1.76
20171226,4.26,0.00,7.68,3.03
20171227,5.29,0.00,6.73,4.06
20171228,12.26,0.00,7.06,3.86
20171201,1.00,0.00,6.62,2.14
20180101,0.13,0.00,5.00,3.46
20180102,-4.61,0.00,8.88,4.02
20180103,12.48,0.00,10.51,4.00
20180104,8.31,0.00,10.55,3.14
20180105,10.18,0.00,8.58,4.09
20180106,6.59,0.00,13.87,2.70
20180107,-0.89,0.00,8.13,3.49
20180108,7.30,0.00,9.19,3.71
20180109,0.92,0.00,11.51,3.45
20180110,7.56,0.00,8.79,3.68
20180111,8.16,0.00,9.01,4.47
20180112,6.08,0.00,5.00,2.70
20180113,2.95,0.00,5.00,4.60
20180114,5.54,0.00,7.94,3.55
20180115,8.31,0.00,6.91,2.84
20180116,5.34,0.00,8.08,2.85
20180117,6.73,0.00,11.75,3.95
20180118,8.42,0.00,6.34,1.93
20180119,1.64,0.00,8.53,3.95
20180120,1.32,0.00,10.83,1.69
20180121,0.06,0.00,10.80,4.20
20180122,11.56,0.00,9.65,3.38
20180123,3.22,0.48,8.39,2.12
20180124,10.03,0.00,9.77,2.68
20180125,-1.89,0.00,10.01,2.36
20180126,6.47,0.00,11.87,3.07
20180127,1.35,0.00,6.75,2.34
20180128,11.67,0.00,10.70,3.13
20180101,16.36,0.00,9.55,4.30
20180102,3.93,0.00,12.70,4.78
20180103,4.29,0.00,15.88,4.48
20180204,11.26,0.00,10.04,2.40
20180205,1.56,0.00,8.11,2.61
20180206,8.59,0.00,11.27,1.50
20180207,16.33,0.00,10.82,5.29
20180208,5.02,6.03,9.58,5.29
20180209,10.60,0.00,9.00,4.75
20180210,5.62,0.00,10.60,3.98
20180211,-0.17,7.50,11.58,2.37
20180212,7.05,0.00,11.70,2.74
20180213,-1.76,0.00,18.72,1.97
20180214,2.83,0.00,14.01,4.21
20180215,10.02,0.00,13.36,2.68
20180216,11.72,0.00,6.64,3.35
20180217,3.12,0.00,8.73,3.14
20180218,5.67,0.00,10.04,3.38
20180219,8.37,0.00,11.09,3.43
20180220,3.12,0.00,11.82,4.48
20180221,9.97,0.00,13.75,2.62
20180222,11.97,0.00,11.67,2.99
20180223,10.15,0.00,13.27,3.05
20180224,5.50,0.00,10.42,4.62
20180225,4.75,0.00,14.73,1.87
20180226,11.50,0.00,12.57,3.58
20180227,4.23,0.00,13.59,4.04
20180228,11.42,0.00,13.24,2.41
20180201,3.00,0.00,11.79,4.38
20180202,3.07,0.00,14.04,3.00
20180203,7.45,0.00,13.26,2.74
20180204,5.81,0.00,13.79,4.32
20180205,4.13,0.00,10.91,1.43
20180306,6.29,4.51,9.17,4.74
20180307,12.54,0.00,10.18,3.80
20180308,7.36,0.00,13.59,1.72
20180309,14.02,0.00,15.34,4.77
20180310,2.98,0.00,13.17,2.09
20180311,13.37,0.00,11.88,3.94
20180312,10.63,0.00,14.37,4.06
20180313,8.02,0.00,17.65,3.39
20180314,10.74,0.00,15.39,3.99
20180315,12.07,0.00,10.57,4.27
20180316,4.58,0.00,10.66,4.18
20180317,10.77,0.00,14.84,1.21
20180318,8.94,0.00,13.67,3.25
20180319,5.21,0.00,14.37,3.52
20180320,18.05,0.00,13.89,3.68
20180321,7.45,0.00,15.23,3.30
20180322,14.12,0.00,15.30,3.04
20180323,20.94,0.00,19.14,3.31
20180324,13.11,0.00,14.21,2.33
20180325,19.00,0.00,16.67,1.54
20180326,11.21,0.00,14.43,3.58
20180327,9.44,15.88,13.93,5.40
20180328,15.71,0.00,10.74,4.79
20180301,14.49,0.00,19.84,2.03
20180302,21.67,0.00,16.81,1.05
20180303,22.40,0.00,18.00,2.17
20180304,17.22,0.00,19.92,2.44
20180305,6.25,0.00,15.02,3.63
20180306,14.57,0.00,19.72,5.06
20180307,15.68,0.00,17.26,3.14
20180308,15.29,0.00,17.32,1.12
20180409,17.98,0.00,18.15,3.19
20180410,19.54,0.00,17.35,3.88
20180411,14.30,0.00,19.70,3.11
20180412,12.79,0.00,18.53,2.23
20180413,16.59,0.00,18.04,4.03
20180414,19.69,0.00,18.51,4.06
20180415,13.94,0.00,15.92,4.51
20180416,17.70,0.00,17.39,4.03
20180417,18.68,0.00,21.97,3.52
20180418,19.34,0.00,17.03,1.81
20180419,18.73,0.00,18.27,4.06
20180420,19.65,0.00,18.10,4.43
20180421,13.17,0.00,17.97,5.87
20180422,20.68,6.63,18.37,3.39
20180423,19.43,0.00,20.80,3.06
20180424,19.54,0.00,19.46,2.13
20180425,22.95,0.00,20.07,2.64
20180426,19.34,0.00,22.85,2.30
20180427,24.03,0.00,20.36,3.07
20180428,24.36,0.00,24.49,6.27
20180401,18.54,0.00,18.23,2.40
20180402,20.73,0.00,21.54,3.19
20180403,25.69,2.21,16.76,4.72
20180404,20.97,0.00,21.38,2.05
20180405,21.31,0.00,20.31,3.52
20180406,28.38,0.00,23.45,3.39
20180407,15.83,0.00,21.01,2.82
20180408,26.20,0.00,20.21,4.10
20180409,26.09,0.00,21.68,3.48
20180410,25.42,0.00,16.96,3.03
20180511,29.19,0.00,20.88,4.22
20180512,22.47,0.00,21.33,3.20
20180513,20.13,1.32,19.23,3.21
20180514,23.83,0.00,23.76,3.99
20180515,24.25,13.24,20.58,4.25
20180516,29.04,0.00,21.60,3.69
20180517,25.90,14.06,25.88,3.49
20180518,21.58,0.00,22.20,4.31
20180519,23.27,0.00,20.75,2.74
20180520,26.88,0.00,22.55,4.50
20180521,21.56,0.00,20.71,3.02
20180522,26.11,0.00,24.09,2.73
20180523,28.41,0.00,20.10,2.43
20180524,18.14,0.00,18.79,3.58
20180525,36.58,0.47,20.44,3.34
20180526,26.22,0.00,27.18,3.70
20180527,27.52,0.00,21.26,2.77
20180528,22.50,0.00,22.50,4.08
20180501,28.26,0.00,22.73,4.04
20180502,24.77,0.00,22.62,3.48
20180503,21.98,0.00,26.44,4.81
20180504,23.35,2.91,20.71,4.72
20180505,26.65,0.00,23.98,3.80
20180506,26.84,0.00,22.59,4.71
20180507,31.33,6.83,23.17,3.99
20180508,27.88,0.00,19.59,2.20
20180509,24.39,0.00,28.67,2.48
20180510,26.74,0.00,22.65,3.17
20180511,31.38,0.00,24.46,3.64
20180512,27.54,0.00,21.38,3.18
20180513,31.16,2.56,21.45,4.18
20180614,40.82,10.18,23.78,3.94
20180615,34.09,0.00,26.38,2.14
20180616,28.55,0.00,23.89,3.28
20180617,37.00,0.00,25.79,3.85
20180618,37.98,0.00,25.27,4.01
20180619,16.95,0.00,25.97,4.99
20180620,25.81,11.86,22.32,4.06
20180621,33.05,0.00,26.26,3.68
20180622,26.21,0.00,24.02,3.86
20180623,30.79,0.00,22.55,3.05
20180624,25.50,0.00,23.78,4.48
20180625,35.99,4.68,23.62,1.76
20180626,28.85,0.00,24.75,4.35
20180627,34.36,0.00,24.41,3.70
20180628,34.95,0.00,21.46,4.35
20180601,31.45,0.00,22.87,1.83
20180602,30.68,0.00,22.24,5.05
20180603,32.57,1.12,25.36,3.77
20180604,36.22,0.00,25.14,1.58
20180605,36.77,0.00,26.06,1.93
20180606,28.06,0.00,21.70,3.67
20180607,30.21,0.00,24.97,4.80
20180608,31.73,5.62,21.01,4.22
20180609,30.37,0.00,21.16,1.20
20180610,28.75,0.00,22.17,3.43
20180611,30.45,0.00,24.05,3.28
20180612,28.61,0.00,22.18,3.82
20180613,29.95,0.00,25.63,2.06
20180614,33.72,0.00,22.65,4.68
20180615,29.01,0.00,25.03,3.20
20180716,25.26,0.00,22.37,3.80
20180717,28.43,0.00,23.44,3.91
20180718,30.11,0.00,25.50,3.61
20180719,34.09,0.00,21.89,4.04
20180720,33.11,4.47,20.36,4.70
20180721,33.85,0.00,25.56,2.17
20180722,31.24,4.01,25.65,3.47
20180723,31.18,0.00,26.33,5.32
20180724,36.55,0.00,20.91,2.86
20180725,28.38,0.00,25.98,2.83
20180726,37.69,0.00,23.25,3.23
20180727,26.37,0.00,25.19,4.13
20180728,32.75,0.00,23.73,3.84
20180701,41.81,0.00,19.87,1.31
20180702,29.13,0.00,25.29,3.41
20180703,32.61,0.00,21.28,3.39
20180704,33.39,0.00,21.51,3.97
20180705,36.44,0.00,18.39,2.64
20180706,30.24,0.00,22.08,2.99
20180707,35.80,0.00,23.11,2.31
20180708,26.86,0.00,21.28,3.38
20180709,30.92,0.00,23.44,2.36
20180710,28.99,5.08,26.51,1.99
20180711,35.69,0.00,24.52,1.60
20180712,35.09,0.00,24.09,2.62
20180713,32.38,0.00,22.73,2.81
20180714,36.71,0.00,19.22,1.90
20180715,36.89,0.00,20.75,2.64
20180716,29.80,3.24,22.98,3.37
20180717,37.09,0.00,21.90,1.93
20180818,31.27,0.00,25.33,3.78
20180819,34.08,0.00,25.18,4.54
20180820,31.00,0.00,25.10,3.48
20180821,27.47,0.00,18.14,3.65
20180822,29.91,0.00,24.07,2.76
20180823,31.66,0.00,19.76,1.13
20180824,27.20,0.00,20.37,3.69
20180825,30.75,0.00,24.28,2.74
20180826,28.44,0.00,21.72,3.51
20180827,34.85,0.00,21.48,6.48
20180828,31.70,0.00,21.75,3.69
20180801,36.78,2.99,18.49,3.05
20180802,31.23,0.00,16.77,2.36
20180803,26.31,0.00,19.74,3.32
20180804,25.58,0.00,19.28,3.95
20180805,30.14,0.00,21.59,3.04
20180806,25.48,0.00,21.75,4.92
20180807,26.57,0.00,16.45,2.33
20180808,27.80,0.00,19.35,3.28
20180809,29.71,0.00,19.93,3.14
20180810,27.43,0.00,15.92,3.77
20180811,26.03,0.00,20.17,3.33
20180812,29.44,0.00,17.57,2.14
20180813,30.89,0.00,23.65,2.18
20180814,28.08,0.00,19.71,2.35
20180815,28.55,0.00,17.94,1.07
20180816,29.62,7.44,19.73,4.16
20180817,24.92,0.00,19.97,3.79
20180818,29.67,0.00,19.04,5.27
20180819,34.60,0.00,22.88,2.90
20180820,30.57,0.00,17.99,2.62
20180921,29.37,0.00,19.12,3.67
20180922,26.69,0.00,18.34,3.18
20180923,23.14,0.00,16.89,3.62
20180924,29.54,0.00,21.81,4.50
20180925,25.42,0.00,17.65,1.43
20180926,28.32,0.00,14.21,4.13
20180927,22.60,0.00,13.98,3.21
20180928,26.33,0.00,17.25,1.36
20180901,26.49,4.25,19.18,3.16
20180902,27.76,0.00,14.79,3.32
20180903,17.42,0.00,17.47,3.58
20180904,29.18,0.00,14.38,2.68
20180905,25.11,0.00,13.72,3.69
20180906,17.79,1.56,18.02,4.35
20180907,19.89,0.00,16.60,3.77
20180908,23.61,0.00,18.26,3.40
20180909,24.77,3.23,16.98,3.05
20180910,25.26,0.00,16.70,6.00
20180911,19.66,0.00,13.46,3.32
20180912,26.63,0.00,13.82,4.45
20180913,22.99,0.00,16.63,1.99
20180914,14.81,0.00,16.42,1.85
20180915,14.29,0.00,14.97,3.54
20180916,13.86,0.00,13.22,3.42
20180917,20.75,0.00,15.79,3.62
20180918,25.28,0.00,19.19,4.25
20180919,23.29,0.00,11.71,3.72
20180920,17.99,0.00,13.65,3.72
20180921,18.46,0.00,16.27,2.79
20180922,21.40,0.00,11.96,3.53
20181023,17.53,0.00,13.26,3.50
20181024,21.32,0.00,11.11,4.03
20181025,19.36,0.00,13.88,4.96
20181026,18.38,0.00,15.32,3.13
20181027,21.68,0.00,16.55,2.73
20181028,17.07,0.00,17.12,3.57
20181001,23.34,0.00,13.56,1.67
20181002,26.75,0.00,8.79,4.16
20181003,15.53,0.00,12.11,4.10
20181004,17.45,0.00,12.79,2.96
20181005,19.58,0.00,10.29,3.17
20181006,12.39,0.00,12.09,3.74
20181007,16.24,0.00,12.74,4.10
20181008,15.32,0.00,12.69,3.40
20181009,14.57,0.00,13.64,4.96
20181010,14.93,0.00,13.54,4.93
20181011,13.45,0.00,12.34,3.12
20181012,19.79,0.00,13.75,2.78
20181013,15.87,0.00,13.28,2.14
20181014,14.57,0.00,11.60,3.60
20181015,12.75,0.00,9.52,2.87
20181016,14.70,0.00,10.76,3.54
20181017,18.39,0.00,13.66,3.88
20181018,21.16,0.00,12.81,4.67
20181019,12.27,0.00,11.26,3.76
20181020,13.48,0.00,12.93,5.34
20181021,13.92,0.00,12.52,3.82
20181022,16.76,0.00,9.81,4.35
20181023,19.70,0.00,8.39,3.29
20181024,19.18,0.00,12.17,3.49
20181025,18.98,0.00,10.58,3.70
20181126,19.15,0.00,7.75,1.48
20181127,15.94,0.00,11.12,2.81
20181128,13.61,0.00,5.85,4.89
20181101,12.17,0.00,13.63,4.15
20181102,16.47,0.00,8.58,3.57
20181103,13.61,0.00,11.90,3.87
20181104,10.31,0.00,12.02,3.03
20181105,14.82,0.00,10.86,3.72
20181106,10.32,0.00,10.65,4.24
20181107,8.35,0.00,11.64,2.23
20181108,15.69,0.00,12.57,3.41
20181109,10.99,0.00,6.64,2.57
20181110,14.81,0.00,7.73,3.78
20181111,15.68,0.00,9.03,3.43
20181112,11.69,0.00,10.22,3.86
20181113,14.00,0.00,10.74,5.48
20181114,9.72,0.00,12.65,3.60
20181115,7.19,0.00,9.30,2.13
20181116,13.29,0.00,11.81,2.46
20181117,7.75,0.00,10.24,3.87
20181118,11.97,0.00,6.96,3.76
20181119,9.13,0.00,10.06,1.59
20181120,5.84,0.00,7.29,2.31
20181121,12.04,0.00,12.26,2.52
20181122,-1.11,0.00,8.08,2.34
20181123,9.86,0.00,5.21,3.47
20181124,0.99,0.00,6.05,1.85
20181125,10.15,0.00,7.95,2.21
20181126,9.49,0.00,8.87,2.96
20181127,0.99,0.00,11.17,2.68
20181228,6.32,0.00,6.64,4.28
20181201,7.74,0.00,11.99,3.52
20181202,7.71,0.00,5.21,3.79
20181203,4.98,0.00,5.00,5.01
20181204,6.38,0.00,6.03,3.45
20181205,6.72,0.00,9.68,1.33
20181206,6.84,0.00,7.47,3.57
20181207,8.17,0.00,5.83,2.52
20181208,5.93,0.00,6.15,3.37
20181209,0.63,0.00,7.68,3.86
20181210,10.99,0.00,8.86,1.81
20181211,6.67,0.00,5.00,2.86
20181212,-7.21,0.00,12.32,2.45
20181213,6.57,0.00,6.48,3.58
20181214,2.15,0.00,8.05,4.26
20181215,6.03,0.00,7.66,4.47
20181216,7.05,0.00,5.00,3.19
20181217,0.71,0.00,9.34,4.85
20181218,1.60,0.00,6.41,4.04
20181219,2.11,0.00,10.73,3.09
20181220,8.73,0.00,5.57,2.81
20181221,3.38,0.00,7.31,4.46
20181222,8.04,0.00,6.23,4.84
20181223,7.23,0.00,10.04,3.08
20181224,6.74,0.00,9.27,4.93
20181225,14.61,0.00,8.40,3.42
20181226,6.43,0.00,5.61,3.58
20181227,13.78,0.00,10.42,3.44
20181228,13.24,0.00,7.67,2.75
20181201,6.49,0.00,7.01,2.52
20190101,-4.71,0.00,6.17,2.75
20190102,0.19,0.00,9.87,2.69
20190103,5.00,0.00,7.58,4.11
20190104,6.87,0.00,8.38,2.50
20190105,7.05,0.00,6.49,4.26
20190106,1.90,0.00,9.80,2.89
20190107,2.85,0.00,6.44,4.02
20190108,13.18,0.00,9.92,3.46
20190109,3.94,0.00,7.00,2.72
20190110,10.03,0.00,6.03,3.91
20190111,8.11,0.00,13.01,1.17
20190112,3.34,0.00,9.39,2.58
20190113,4.30,0.00,9.09,2.58
20190114,5.13,0.00,7.04,3.17
20190115,7.39,0.00,8.68,4.82
20190116,4.82,0.00,9.37,5.02
20190117,3.54,0.00,10.46,3.16
20190118,1.41,0.00,7.27,3.11
20190119,9.62,0.00,11.59,1.62
20190120,-1.80,0.00,8.81,1.48
20190121,5.17,0.00,8.09,3.43
20190122,3.28,0.00,8.73,2.19
20190123,9.66,0.00,8.73,2.73
20190124,4.50,0.00,9.07,2.34
20190125,8.95,0.66,7.13,2.20
20190126,-2.24,0.00,10.13,4.64
20190127,5.43,0.00,11.86,5.58
20190128,9.23,0.00,9.36,2.36
20190101,6.40,0.00,10.35,2.83
20190102,7.13,0.00,8.60,1.38
20190103,7.03,0.00,12.23,2.74
20190204,5.28,0.00,13.55,4.75
20190205,5.00,0.00,7.57,4.05
20190206,2.91,0.00,9.26,3.99
20190207,-1.96,0.00,13.06,1.10
20190208,4.53,0.00,5.00,3.80
20190209,3.54,0.00,6.72,3.78
20190210,12.04,0.00,11.91,4.11
20190211,6.60,0.00,12.09,2.69
20190212,2.81,0.00,14.18,3.29
20190213,9.68,0.00,12.24,3.97
20190214,11.20,0.00,10.08,2.27
20190215,6.06,0.00,11.76,4.46
20190216,4.84,5.25,10.48,4.67
20190217,14.61,0.00,14.37,4.03
20190218,6.67,0.00,14.15,3.17
20190219,9.43,0.00,8.96,4.57
20190220,7.34,0.00,12.23,3.79
20190221,7.06,0.00,10.42,3.27
20190222,0.56,0.00,9.36,2.86
20190223,7.40,0.00,14.62,6.00
20190224,-1.95,0.00,14.24,2.90
20190225,8.65,0.00,11.98,5.08
20190226,3.31,0.00,12.76,4.15
20190227,8.48,0.00,13.98,2.87
20190228,18.20,0.00,13.00,2.64
20190201,6.31,0.00,12.22,3.89
20190202,3.51,0.00,13.03,2.48
20190203,14.14,6.58,11.64,3.48
20190204,3.14,0.00,10.94,3.41
20190205,11.93,0.00,12.04,2.67
20190306,9.96,0.00,13.36,4.40
20190307,1.90,0.00,14.13,2.28
20190308,5.46,0.00,15.41,1.23
20190309,9.30,0.00,13.80,2.58
20190310,10.23,0.00,12.14,5.96
20190311,14.17,0.00,12.57,3.79
20190312,16.06,0.00,15.56,3.56
20190313,15.21,0.00,12.72,3.64
20190314,11.81,0.00,16.88,4.06
20190315,11.39,0.00,15.94,4.23
20190316,8.59,0.00,12.49,3.49
20190317,10.51,0.00,14.86,3.04
20190318,10.26,0.00,15.97,4.26
20190319,10.57,0.00,13.60,4.12
20190320,6.11,0.00,13.24,1.93
20190321,15.02,0.00,16.43,3.43
20190322,13.63,0.00,18.68,3.23
20190323,13.27,0.00,13.69,1.89
20190324,9.36,0.00,18.12,2.73
20190325,15.46,0.00,18.33,3.20
20190326,16.50,0.00,17.50,4.75
20190327,10.03,0.00,17.99,2.22
20190328,14.32,0.00,14.73,4.36
20190301,18.31,0.00,16.43,3.25
20190302,16.13,0.00,14.05,3.63
20190303,15.83,0.00,14.30,3.21
20190304,8.24,4.05,17.02,2.56
20190305,12.26,0.00,15.55,0.83
20190306,16.58,0.00,15.42,4.95
20190307,15.28,0.00,14.55,2.34
20190308,12.40,0.00,16.11,1.43
20190409,19.01,0.00,17.76,4.14
20190410,24.94,0.00,19.04,4.97
20190411,10.90,0.00,18.46,1.14
20190412,12.70,0.00,18.98,2.87
20190413,15.22,0.00,19.04,3.31
20190414,16.85,0.00,19.64,2.66
20190415,17.35,0.00,23.17,3.40
20190416,19.25,0.00,19.26,2.06
20190417,22.06,0.00,21.30,4.30
20190418,12.12,0.00,20.52,4.27
20190419,18.33,1.97,14.93,3.25
20190420,22.87,0.00,21.78,5.44
20190421,21.38,0.00,18.41,2.27
20190422,22.48,0.00,19.89,2.39
20190423,21.96,0.00,19.40,2.77
20190424,24.11,0.00,19.44,4.62
20190425,15.80,0.00,19.74,2.45
20190426,27.16,0.00,20.47,3.13
20190427,8.03,4.76,17.89,3.43
20190428,25.80,0.00,20.90,3.78
20190401,17.47,0.00,18.91,3.46
20190402,15.92,0.00,21.73,1.07
20190403,20.61,0.00,20.69,5.20
20190404,16.18,0.00,21.98,5.93
20190405,20.47,4.69,18.93,2.65
20190406,21.50,0.00,18.20,3.10
20190407,19.88,0.00,22.59,1.93
20190408,18.55,0.00,18.98,4.85
20190409,29.60,0.00,22.15,2.31
20190410,19.13,0.00,24.20,3.06
20190511,24.37,0.00,24.80,2.40
20190512,24.53,0.00,18.08,2.92
20190513,24.38,0.00,22.54,3.00
20190514,16.89,0.00,17.25,2.03
20190515,26.26,0.00,22.62,4.66
20190516,19.50,0.00,21.95,5.04
20190517,25.45,0.00,22.40,2.44
20190518,16.59,0.00,21.01,3.80
20190519,19.92,0.00,23.49,3.55
20190520,28.72,5.08,23.86,3.30
20190521,26.29,4.27,23.05,2.00
20190522,25.14,0.00,22.22,3.07
20190523,26.12,0.00,21.92,1.90
20190524,31.12,0.00,18.47,3.63
20190525,28.02,0.00,21.67,2.13
20190526,33.27,19.40,20.34,3.03
20190527,24.21,2.07,19.28,4.46
20190528,25.00,0.00,22.61,4.20
20190501,27.93,0.00,22.98,3.65
20190502,28.43,0.00,24.15,2.22
20190503,27.49,0.00,23.01,2.76
20190504,29.95,0.00,25.36,2.42
20190505,31.56,0.00,18.08,2.36
20190506,31.12,0.00,24.09,2.97
20190507,29.16,0.00,26.65,4.96
20190508,29.83,0.00,21.96,4.01
20190509,29.69,0.00,24.84,4.27
20190510,30.73,0.00,23.94,3.43
20190511,27.53,0.00,26.00,1.89
20190512,29.38,0.00,28.20,3.10
20190513,34.61,0.00,25.58,5.31
20190614,22.73,0.00,23.59,3.94
20190615,29.07,0.00,20.12,3.92
20190616,28.80,0.00,23.62,2.38
20190617,26.33,0.00,25.43,1.53
20190618,29.54,0.00,21.33,3.13
20190619,31.23,0.00,21.57,1.80
20190620,27.51,0.00,23.79,3.46
20190621,22.30,0.00,20.53,3.75
20190622,32.18,0.00,24.49,3.76
20190623,27.11,0.00,28.16,4.99
20190624,35.82,0.00,20.74,5.29
20190625,29.64,0.00,25.49,2.73
20190626,35.88,0.00,26.43,3.92
20190627,27.26,0.00,26.31,4.20
20190628,34.57,10.31,26.55,4.06
20190601,24.11,1.40,23.66,3.53
20190602,29.62,0.00,24.91,3.52
20190603,31.11,0.00,25.24,2.39
20190604,24.78,0.00,24.07,0.96
20190605,35.32,0.00,20.08,2.09
20190606,28.75,0.00,22.48,3.21
20190607,34.90,0.00,23.94,4.39
20190608,21.13,0.00,23.63,2.72
20190609,34.20,0.00,26.02,5.39
20190610,28.32,0.00,22.71,3.49
20190611,36.06,0.00,22.57,4.72
20190612,33.24,0.00,23.39,3.75
20190613,33.82,0.23,24.68,4.94
20190614,36.36,15.06,26.51,4.41
20190615,32.71,0.00,20.50,3.83
20190716,26.78,0.00,25.31,2.67
20190717,35.58,0.00,22.00,4.00
20190718,34.88,0.00,24.82,2.26
20190719,32.49,0.00,21.68,3.52
20190720,37.96,0.00,21.44,1.97
20190721,28.92,0.00,20.34,3.54
20190722,33.47,0.00,23.84,4.40
20190723,33.64,0.00,25.08,2.78
20190724,35.87,0.00,22.33,1.54
20190725,29.28,0.00,24.08,4.71
20190726,34.61,7.42,19.65,3.88
20190727,29.74,0.00,23.02,5.13
20190728,35.86,0.00,20.61,3.06
20190701,31.23,7.95,21.54,4.46
20190702,43.27,0.00,21.28,3.54
20190703,36.19,0.00,23.52,4.98
20190704,27.75,0.00,20.10,4.27
20190705,35.90,0.00,20.17,2.54
20190706,33.44,0.00,21.72,2.56
20190707,28.00,0.00,24.25,3.57
20190708,33.10,0.00,23.19,2.05
20190709,27.24,0.00,24.85,3.73
20190710,33.15,0.00,22.49,2.49
20190711,30.66,0.00,23.67,3.22
20190712,33.58,0.00,23.65,4.02
20190713,27.48,15.16,25.88,3.93
20190714,29.59,0.00,22.55,3.40
20190715,38.34,0.00,24.86,2.98
20190716,24.77,0.00,22.75,3.79
20190717,32.87,0.00,23.25,3.35
20190818,31.54,0.00,21.37,4.03
20190819,23.68,0.00,22.37,4.35
20190820,27.43,8.19,22.68,4.25
20190821,29.55,0.00,21.77,3.40
20190822,32.18,0.00,20.08,3.26
20190823,28.14,0.00,20.95,5.82
20190824,32.28,6.45,21.81,4.01
20190825,30.08,0.00,16.68,2.78
20190826,30.43,0.00,20.73,3.47
20190827,24.55,0.00,22.03,3.18
20190828,35.01,0.00,20.35,3.40
20190801,32.87,0.00,20.52,1.68
20190802,35.53,0.00,21.34,2.79
20190803,35.84,0.00,21.24,1.50
20190804,27.96,0.00,21.52,4.16
20190805,28.80,0.00,20.37,3.30
20190806,29.37,0.00,16.08,5.26
20190807,22.30,7.76,22.51,1.49
20190808,29.47,0.00,24.49,4.88
20190809,25.90,0.00,20.60,2.21
20190810,26.56,0.00,19.32,2.46
20190811,25.91,0.00,16.65,3.76
20190812,29.99,0.00,16.56,2.27
20190813,29.62,0.00,19.12,2.19
20190814,26.51,0.00,22.35,4.05
20190815,23.65,0.00,17.15,3.92
20190816,27.97,0.00,21.70,1.72
20190817,25.82,0.00,15.37,1.85
20190818,27.40,1.94,19.68,4.10
20190819,25.78,0.00,19.84,2.79
20190820,23.28,0.00,19.53,4.60
20190921,19.19,0.00,19.88,4.85
20190922,27.48,0.00,19.81,5.70
20190923,27.91,0.00,21.76,2.03
20190924,29.54,0.00,20.26,3.69
20190925,24.91,0.00,15.68,3.03
20190926,21.51,0.00,17.65,2.95
20190927,24.30,0.00,15.53,4.12
20190928,26.36,0.00,17.15,3.32
20190901,26.02,0.00,16.92,3.20
20190902,23.24,0.00,16.09,2.75
20190903,21.24,0.00,16.10,3.42
20190904,21.06,0.00,19.62,2.82
20190905,25.24,0.00,18.80,3.44
20190906,24.04,0.00,13.26,4.48
20190907,30.58,0.00,18.53,3.54
20190908,29.64,0.00,17.64,4.83
20190909,26.06,0.00,16.61,3.00
20190910,24.32,0.00,19.76,4.13
20190911,23.07,0.00,18.51,4.89
20190912,25.20,0.00,18.06,3.60
20190913,22.32,0.00,18.64,3.10
20190914,17.16,0.00,16.35,3.55
20190915,23.54,0.00,14.36,3.26
20190916,22.32,0.00,17.20,3.81
20190917,21.79,0.00,14.77,2.13
20190918,19.32,0.00,16.55,2.63
20190919,26.14,0.00,16.32,3.57
20190920,20.84,0.00,14.39,5.68
20190921,19.44,0.00,15.61,1.71
20190922,20.41,0.00,17.42,3.09
20191023,20.16,0.00,18.13,1.91
20191024,14.84,0.00,10.28,2.27
20191025,18.45,0.00,16.47,2.41
20191026,17.60,0.00,16.45,2.70
20191027,18.47,0.00,14.34,3.26
20191028,26.00,0.00,16.21,4.01
20191001,32.43,0.00,10.22,4.13
20191002,11.06,0.00,13.16,1.51
20191003,14.78,0.00,16.32,3.60
20191004,20.12,0.00,12.49,2.06
20191005,16.39,0.00,13.07,2.65
20191006,16.68,0.00,13.47,2.79
20191007,14.83,0.00,11.49,3.10
20191008,12.86,0.00,14.61,3.71
20191009,19.44,0.00,11.30,2.91
20191010,17.17,0.00,14.04,1.96
20191011,15.83,0.00,11.78,3.81
20191012,9.36,3.96,13.68,4.68
20191013,18.72,0.00,11.78,2.74
20191014,17.70,0.00,14.69,3.37
20191015,18.73,0.00,10.46,3.37
20191016,11.63,0.00,13.13,4.05
20191017,11.65,0.00,11.19,2.64
20191018,17.10,0.00,8.91,2.53
20191019,15.72,0.00,12.29,2.03
20191020,10.35,0.00,10.85,3.48
20191021,21.31,0.00,9.18,3.29
20191022,13.51,0.00,12.54,3.32
20191023,17.23,0.00,11.60,1.70
20191024,9.62,0.00,12.01,2.73
20191025,9.04,0.00,13.96,1.93
20191126,13.41,0.00,13.32,4.03
20191127,11.09,0.00,12.98,3.04
20191128,5.77,0.00,10.50,2.40
20191101,12.47,0.00,10.71,5.48
20191102,11.26,0.00,10.60,4.33
20191103,6.24,0.00,13.31,3.60
20191104,18.37,0.00,11.14,1.78
20191105,4.45,0.00,11.97,3.68
20191106,16.28,0.00,6.60,4.21
20191107,8.02,0.00,11.24,4.38
20191108,7.50,0.00,10.73,2.47
20191109,7.13,0.00,12.76,2.44
20191110,13.25,0.00,9.92,3.21
20191111,6.73,0.00,9.25,0.98
20191112,11.07,0.00,9.14,5.38
20191113,10.94,0.00,8.48,2.29
20191114,13.33,0.00,10.36,3.45
20191115,7.82,0.00,12.72,1.58
20191116,7.04,0.00,9.18,3.17
20191117,10.80,0.00,8.24,1.59
20191118,11.48,0.00,11.40,3.88
20191119,13.44,0.00,10.64,3.83
20191120,8.39,0.00,8.68,3.12
20191121,4.49,0.00,8.05,5.22
20191122,15.69,0.00,9.23,5.01
20191123,4.09,0.00,6.05,5.09
20191124,5.46,0.00,8.71,2.63
20191125,18.01,0.00,12.96,1.46
20191126,10.79,0.00,6.50,3.60
20191127,14.09,0.00,7.69,7.00
20191228,12.17,0.00,7.02,2.91
20191201,7.16,0.00,7.40,4.53
20191202,4.80,0.00,7.45,3.34
20191203,12.13,0.00,10.27,3.54
20191204,11.79,0.00,10.99,2.32
20191205,11.65,0.00,6.79,2.93
20191206,-1.03,0.00,8.94,3.05
20191207,10.97,0.00,8.05,2.30
20191208,4.44,0.00,8.38,5.03
20191209,4.89,0.00,7.81,2.03
20191210,2.65,0.00,5.00,3.44
20191211,9.73,0.00,6.42,1.88
20191212,0.07,0.00,8.22,3.76
20191213,4.38,0.00,5.00,3.39
20191214,7.90,0.00,8.94,3.19
20191215,3.72,0.00,6.76,3.39
20191216,7.59,0.00,9.44,4.61
20191217,11.74,11.14,5.33,3.51
20191218,0.56,0.00,6.01,3.10
20191219,2.25,0.00,7.94,2.88
20191220,4.76,0.00,9.12,3.19
20191221,2.98,0.00,5.86,3.86
20191222,4.38,0.00,8.61,2.91
20191223,7.90,0.00,7.88,3.86
20191224,5.38,0.00,9.41,3.78
20191225,4.30,5.95,10.61,0.95
20191226,0.32,0.00,8.80,3.42
20191227,5.59,0.00,10.38,4.26
20191228,-4.09,0.00,5.00,2.82
20191201,6.19,0.00,5.46,2.73
20200101,8.18,0.00,9.46,1.68
20200102,5.96,0.00,6.21,4.73
20200103,3.75,0.00,7.13,3.75
20200104,5.99,0.00,8.38,3.67
20200105,3.55,0.00,8.87,3.26
20200106,4.91,0.00,11.22,4.26
20200107,9.31,0.00,10.26,3.10
20200108,-0.96,0.00,8.91,4.21
20200109,9.13,0.00,6.63,3.79
20200110,2.28,0.00,9.21,3.15
20200111,5.95,0.00,8.30,3.15
20200112,3.89,0.00,9.84,2.00
20200113,5.71,0.00,8.59,3.47
20200114,1.05,0.00,9.52,3.56
20200115,5.46,0.00,9.17,1.64
20200116,-0.27,0.00,12.93,4.43
20200117,4.00,0.00,8.01,3.96
20200118,2.95,0.00,7.23,2.98
20200119,0.37,0.00,8.31,4.52
20200120,5.54,0.00,8.16,3.66
20200121,1.93,0.00,8.81,1.84
20200122,4.46,0.00,10.11,2.78
20200123,-1.64,0.00,7.55,4.75
20200124,-0.44,0.00,9.63,3.21
20200125,4.14,0.00,8.04,5.03
20200126,9.62,0.00,12.04,3.49
20200127,2.91,0.00,8.27,3.92
20200128,5.85,0.00,12.59,4.22
20200101,5.16,0.00,9.64,1.10
20200102,3.74,0.00,10.88,3.93
20200103,7.80,0.00,14.24,3.91
20200204,5.24,0.00,11.55,2.39
20200205,-2.58,0.00,11.08,3.24
20200206,1.58,0.00,10.24,3.68
20200207,6.70,0.00,11.04,2.14
20200208,6.94,0.00,9.31,4.89
20200209,6.06,0.00,11.86,5.42
20200210,-5.55,0.00,10.60,4.44
20200211,5.67,0.00,10.79,3.93
20200212,5.59,0.00,10.80,5.16
20200213,8.17,0.00,10.61,2.44
20200214,9.62,0.00,10.80,3.86
20200215,9.35,0.00,11.61,5.56
20200216,3.70,0.00,9.53,3.20
20200217,8.37,7.87,11.62,3.09
20200218,-4.54,0.00,11.68,2.82
20200219,10.93,0.00,6.99,3.86
20200220,16.37,0.00,13.35,1.76
20200221,1.01,0.00,13.93,4.32
20200222,-2.59,0.00,7.82,2.01
20200223,6.98,0.00,11.94,3.60
20200224,12.13,0.00,10.83,2.69
20200225,17.25,0.00,14.69,3.98
20200226,8.93,0.00,12.32,1.91
20200227,1.76,0.00,10.50,2.74
20200228,7.64,0.00,10.46,3.19
20200201,9.94,0.00,12.94,4.50
20200202,9.55,0.00,13.92,3.34
20200203,6.96,0.00,14.70,1.75
20200204,4.07,0.00,15.53,3.49
20200205,5.64,0.00,14.44,3.55
20200306,10.51,0.00,11.25,2.58
20200307,8.82,0.00,10.18,2.08
20200308,8.56,0.00,18.31,3.57
20200309,8.22,0.00,13.79,2.45
20200310,-3.31,0.00,12.54,3.25
20200311,5.97,0.00,14.23,1.97
20200312,7.30,0.00,15.65,1.55
20200313,13.66,0.00,15.12,3.82
20200314,11.29,0.00,13.48,4.66
20200315,10.89,0.00,15.64,4.27
20200316,12.81,0.00,15.95,0.50
20200317,18.16,0.00,11.22,1.29
20200318,21.09,0.00,13.50,3.69
20200319,10.88,0.00,15.70,3.64
20200320,7.72,0.00,15.65,2.37
20200321,16.04,0.00,13.32,5.16
20200322,14.68,0.00,14.04,2.90
20200323,13.26,0.00,15.26,1.94
20200324,21.16,0.00,18.45,5.12
20200325,13.00,0.00,11.27,2.99
20200326,11.19,0.00,13.75,4.24
20200327,21.49,0.00,17.40,1.18
20200328,10.81,2.69,15.53,3.72
20200301,8.47,0.00,19.36,4.07
20200302,22.84,0.00,18.42,2.07
20200303,18.45,0.00,16.30,4.53
20200304,10.27,0.00,17.57,2.39
20200305,11.18,3.74,16.13,2.81
20200306,12.27,0.00,15.09,1.91
20200307,15.74,0.00,19.77,2.06
20200308,13.46,6.35,15.80,4.04
20200409,15.76,0.00,16.67,2.95
20200410,19.85,0.00,16.51,4.55
20200411,9.61,0.00,19.44,2.02
20200412,14.32,0.00,18.22,2.66
20200413,12.49,0.00,18.42,4.44
20200414,15.37,0.00,16.99,4.48
20200415,21.96,0.00,14.04,5.24
20200416,10.03,0.00,17.30,5.19
20200417,22.07,0.00,19.91,3.14
20200418,22.30,0.00,21.82,3.89
20200419,15.87,0.00,21.06,3.83
20200420,14.49,0.00,17.91,2.95
20200421,17.84,0.00,18.99,2.73
20200422,26.90,0.00,17.82,3.83
20200423,15.53,0.00,19.53,4.32
20200424,15.43,0.00,21.70,3.12
20200425,26.40,0.00,18.61,3.65
20200426,15.13,0.00,19.67,3.43
20200427,13.39,0.00,20.81,4.35
20200428,14.57,0.00,18.70,2.86
20200401,24.73,0.00,21.19,4.22
20200402,25.33,0.00,18.34,3.70
20200403,23.34,0.00,21.15,2.53
20200404,20.41,0.00,20.96,4.06
20200405,20.58,0.00,19.10,4.17
20200406,24.52,0.00,24.68,3.44
20200407,21.70,0.00,21.90,3.70
20200408,20.67,0.00,23.35,5.00
20200409,25.66,0.00,20.07,4.16
20200410,28.81,0.00,21.10,2.61
20200511,20.42,0.00,23.07,2.94
20200512,19.77,0.00,23.22,2.10
20200513,26.53,0.00,17.97,2.41
20200514,28.16,0.00,21.36,4.69
20200515,24.31,5.85,24.00,2.98
20200516,28.92,0.00,20.98,3.95
20200517,20.34,0.00,24.45,4.41
20200518,23.50,0.00,23.13,3.61
20200519,25.89,0.00,17.16,2.91
20200520,28.91,0.00,22.99,3.78
20200521,24.78,0.00,20.94,3.47
20200522,28.80,0.00,23.50,3.24
20200523,24.54,0.00,22.20,2.55
20200524,23.51,0.00,22.75,3.60
20200525,26.43,0.00,21.81,4.12
20200526,26.14,0.00,22.87,4.91
20200527,33.20,0.00,22.17,4.26
20200528,22.06,0.00,23.88,3.13
20200501,32.91,0.00,20.09,4.94
20200502,27.89,0.00,21.91,2.78
20200503,23.02,0.00,24.62,4.04
20200504,21.53,0.00,23.32,2.75
20200505,29.08,0.00,25.14,3.18
20200506,28.64,0.00,22.31,3.42
20200507,25.46,0.00,21.37,4.19
20200508,23.97,12.02,23.11,2.10
20200509,20.61,0.00,23.62,3.03
20200510,26.98,0.00,24.98,3.34
20200511,27.53,6.05,23.55,2.92
20200512,31.45,0.00,21.22,6.15
20200513,29.85,0.00,21.12,3.44
20200614,26.56,7.07,20.12,4.15
20200615,22.61,0.00,23.85,0.70
20200616,28.24,0.00,21.88,1.18
20200617,22.70,0.00,24.20,4.17
20200618,30.50,0.00,22.81,3.13
20200619,28.95,0.00,24.95,4.42
20200620,29.19,1.51,22.17,2.49
20200621,32.99,0.00,22.85,1.75
20200622,30.07,0.00,20.58,4.97
20200623,31.41,0.00,26.25,5.46
20200624,32.63,0.00,24.35,3.90
20200625,32.35,0.00,23.09,3.75
20200626,31.99,0.00,22.87,4.25
20200627,29.42,0.00,25.50,2.05
20200628,34.10,0.00,24.12,5.24
20200601,30.36,0.00,23.36,2.72
20200602,30.17,0.00,26.69,4.88
20200603,34.90,13.81,25.09,3.89
20200604,24.75,0.00,23.32,3.64
20200605,31.00,0.00,22.25,1.46
20200606,38.47,0.00,23.54,3.06
20200607,30.34,0.00,25.16,3.43
20200608,29.65,0.00,25.06,2.53
20200609,33.79,10.65,20.78,4.19
20200610,32.94,0.00,23.03,3.03
20200611,37.80,0.00,26.44,3.84
20200612,22.29,0.00,23.19,2.16
20200613,24.53,0.00,22.02,2.80
20200614,28.28,0.00,25.02,4.27
20200615,34.14,0.00,23.66,4.04
20200716,37.08,0.00,21.40,3.76
20200717,34.67,0.00,26.31,2.99
20200718,32.18,14.62,24.98,4.24
20200719,31.72,0.00,22.56,2.29
20200720,27.23,0.00,21.66,3.96
20200721,32.25,0.00,26.95,3.70
20200722,25.60,0.00,23.87,4.82
20200723,30.97,0.00,26.97,4.18
20200724,30.92,0.00,22.33,4.79
20200725,32.33,0.00,22.78,3.25
20200726,36.75,0.00,27.33,3.69
20200727,33.67,0.00,24.34,3.73
20200728,35.13,0.00,23.90,1.91
20200701,28.11,3.55,25.18,3.27
20200702,42.71,0.00,24.74,3.18
20200703,36.70,0.00,28.78,2.72
20200704,33.88,0.00,20.88,2.90
20200705,28.81,0.00,23.72,0.51
20200706,26.59,0.00,23.56,3.26
20200707,36.01,0.00,23.25,2.42
20200708,34.63,3.85,25.87,6.12
20200709,36.77,9.87,21.11,3.60
20200710,29.08,0.00,22.98,3.60
20200711,28.66,0.00,20.22,3.28
20200712,32.30,0.00,19.53,2.67
20200713,33.19,0.00,24.47,4.47
20200714,38.57,0.00,24.77,2.63
20200715,38.48,0.00,20.34,4.14
20200716,35.40,0.00,22.96,4.32
20200717,38.76,0.00,25.32,2.43
20200818,27.87,0.00,23.62,2.68
20200819,37.31,0.00,22.41,3.16
20200820,20.63,0.00,23.84,3.40
20200821,33.85,0.00,24.61,0.52
20200822,32.77,0.00,22.14,4.10
20200823,35.36,0.00,24.05,2.43
20200824,31.15,0.00,22.19,1.77
20200825,34.74,0.00,20.83,2.77
20200826,31.03,0.00,18.40,3.81
20200827,26.67,0.00,19.23,2.18
20200828,38.98,0.00,23.48,3.14
20200801,29.69,0.00,24.89,4.08
20200802,30.11,0.00,20.95,4.47
20200803,29.77,0.00,23.47,4.41
20200804,32.76,0.00,19.43,5.41
20200805,29.03,0.00,17.28,3.36
20200806,30.23,0.00,17.54,2.08
20200807,28.21,0.00,17.45,3.23
20200808,31.69,0.00,24.83,4.13
20200809,25.40,0.00,17.10,5.56
20200810,27.34,0.00,21.31,3.04
20200811,25.55,0.00,21.75,4.39
20200812,22.51,0.00,20.46,3.03
20200813,25.98,0.00,20.33,2.84
20200814,30.19,0.00,18.27,5.25
20200815,26.56,0.00,18.67,3.04
20200816,22.88,0.00,21.64,5.61
20200817,30.02,0.00,17.89,3.33
20200818,33.26,0.00,20.31,3.81
20200819,31.50,0.00,17.25,2.52
20200820,25.74,0.00,19.61,3.00
20200921,17.04,0.00,20.15,4.38
20200922,29.77,0.00,17.02,3.36
20200923,27.56,0.00,20.47,2.71
20200924,16.52,9.49,20.24,4.62
20200925,15.46,0.00,15.55,4.12
20200926,26.74,0.00,17.34,2.81
20200927,26.64,0.00,18.64,2.36
20200928,25.18,0.00,17.82,3.17
20200901,30.30,0.00,16.86,3.61
20200902,22.05,0.00,15.15,2.97
20200903,25.58,0.00,14.51,2.64
20200904,30.47,0.00,17.24,4.47
20200905,27.87,0.00,14.75,4.68
20200906,21.48,0.00,13.69,3.37
20200907,18.88,0.00,18.28,3.86
20200908,26.95,0.00,17.42,4.06
20200909,19.95,0.00,17.02,3.93
20200910,22.31,0.00,17.30,3.58
20200911,25.39,0.00,18.11,2.64
20200912,27.09,0.00,14.77,3.71
20200913,24.21,0.00,14.04,4.07
20200914,26.55,0.00,13.29,2.83
20200915,21.58,0.00,13.52,4.11
20200916,18.61,0.00,18.54,4.54
20200917,28.40,0.00,15.05,3.02
20200918,15.45,0.00,15.02,2.65
20200919,23.75,0.00,11.97,2.05
20200920,21.87,0.00,18.14,2.76
20200921,21.04,0.00,13.30,2.46
20200922,26.03,0.00,12.28,5.09
20201023,18.62,0.00,15.79,5.02
20201024,23.40,0.00,15.36,3.94
20201025,21.17,0.00,15.00,2.14
20201026,16.75,0.00,14.00,3.88
20201027,19.43,0.00,17.82,2.39
20201028,23.72,0.00,13.11,3.14
20201001,18.60,0.00,12.41,3.14
20201002,18.64,0.00,16.59,3.01
20201003,21.92,0.00,13.98,3.66
20201004,15.06,0.00,14.22,3.77
20201005,17.06,0.00,13.64,3.59
20201006,17.25,0.00,14.35,3.84
20201007,12.54,0.00,10.29,3.93
20201008,12.63,0.00,6.48,3.62
20201009,18.10,0.00,11.72,2.05
20201010,16.32,0.00,9.47,2.92
20201011,14.83,0.00,14.55,2.07
20201012,23.75,0.00,11.26,5.03
20201013,20.23,0.00,12.47,2.41
20201014,6.92,0.00,11.75,2.80
20201015,23.57,0.00,8.85,3.27
20201016,17.12,0.00,12.20,3.06
20201017,8.83,0.00,13.03,0.79
20201018,16.37,0.00,10.86,1.73
20201019,10.35,0.00,12.85,3.24
20201020,14.47,0.00,11.08,2.55
20201021,14.92,0.00,11.60,4.20
20201022,12.36,0.00,11.66,2.87
20201023,7.74,0.00,11.18,3.11
20201024,18.27,0.00,9.88,2.71
20201025,8.86,0.00,9.52,4.83
20201126,10.15,0.00,8.90,3.10
20201127,12.74,0.00,11.95,2.83
20201128,9.72,0.00,9.01,4.05
20201101,16.44,0.00,13.23,3.02
20201102,16.93,0.00,7.02,3.25
20201103,19.52,0.00,13.76,2.00
20201104,15.10,0.00,9.22,1.16
20201105,13.95,0.00,11.01,4.40
20201106,7.81,0.00,11.74,2.65
20201107,19.59,0.00,10.77,4.27
20201108,7.20,0.00,9.43,2.28
20201109,9.63,0.00,7.40,3.50
20201110,7.97,0.00,7.24,2.30
20201111,9.29,0.00,7.54,1.67
20201112,5.70,0.00,11.17,3.31
20201113,10.44,0.00,10.02,3.20
20201114,6.69,0.00,11.25,2.88
20201115,9.90,0.00,6.95,4.65
20201116,4.26,0.00,11.21,1.03
20201117,5.80,0.00,7.99,2.45
20201118,4.18,0.00,6.92,3.63
20201119,7.57,0.00,10.99,2.87
20201120,4.27,5.85,5.34,4.02
20201121,0.94,0.00,10.56,4.86
20201122,6.64,0.00,11.40,2.04
20201123,7.54,0.00,9.79,3.68
20201124,4.42,0.00,10.05,3.39
20201125,6.23,0.00,6.02,3.16
20201126,6.27,0.00,8.08,2.98
20201127,8.13,0.00,9.59,3.27
20201228,5.25,0.00,8.44,2.20
20201201,7.71,0.00,7.32,4.05
20201202,6.07,0.00,9.81,4.57
20201203,2.74,0.00,6.88,2.27
20201204,8.34,0.00,8.06,2.34
20201205,-0.02,0.00,6.64,3.83
20201206,1.06,0.00,7.37,4.41
20201207,9.10,0.00,8.56,4.07
20201208,-1.29,0.00,7.63,4.88
20201209,9.41,0.00,6.78,6.31
20201210,8.08,0.00,7.01,3.79
20201211,-2.69,0.00,9.13,3.39
20201212,11.08,0.00,9.07,2.95
20201213,6.91,0.00,5.92,3.61
20201214,3.04,0.00,7.77,1.63
20201215,11.60,0.00,6.35,4.99
20201216,-0.68,0.00,7.39,3.44
20201217,4.04,0.00,7.95,1.83
20201218,5.45,0.00,10.54,3.73
20201219,1.24,0.00,8.10,3.02
20201220,5.70,0.00,5.75,3.67
20201221,8.07,0.00,5.21,4.20
20201222,6.96,0.00,11.61,3.33
20201223,0.54,0.00,6.80,3.83
20201224,7.61,0.00,9.28,3.47
20201225,5.70,0.00,11.53,2.79
20201226,2.91,0.00,7.66,3.02
20201227,-3.45,0.00,8.92,3.17
20201228,4.32,0.00,9.86,3.74
20201201,7.96,0.00,9.91,3.20
20210101,1.22,0.00,8.34,1.69
20210102,5.48,0.00,9.64,1.64
20210103,5.65,0.00,5.84,4.62
20210104,8.40,0.00,7.60,4.83
20210105,4.33,0.00,6.31,2.59
20210106,6.17,0.00,7.46,2.31
20210107,0.56,0.00,9.11,3.31
20210108,7.99,0.00,10.90,2.90
20210109,2.28,0.00,9.70,1.21
20210110,11.10,0.00,5.17,3.97
20210111,-4.95,0.00,8.47,2.60
20210112,1.30,0.00,7.21,4.39
20210113,-3.83,0.00,11.75,2.21
20210114,-0.67,0.00,7.43,3.48
20210115,7.42,0.00,8.83,2.83
20210116,4.27,0.00,6.69,2.81
20210117,-1.09,5.00,6.33,2.48
20210118,6.18,0.00,10.32,2.64
20210119,0.54,0.00,7.11,4.41
20210120,-5.22,2.82,9.33,1.26
20210121,12.33,0.00,13.85,4.12
20210122,4.70,0.00,12.46,3.95
20210123,8.77,0.00,5.46,2.89
20210124,6.11,0.00,11.61,2.39
20210125,-1.47,0.00,7.15,3.23
20210126,12.47,0.00,10.06,3.56
20210127,4.22,0.00,10.41,3.36
20210128,10.49,0.00,7.43,4.78
20210101,4.97,0.00,8.00,4.10
20210102,4.32,0.00,7.96,4.47
20210103,3.26,22.02,11.11,3.46
20210204,4.62,0.00,11.32,3.62
20210205,1.50,0.00,13.55,3.62
20210206,5.17,0.00,8.92,3.88
20210207,8.52,9.13,9.36,3.69
20210208,9.82,0.00,12.20,2.26
20210209,9.72,0.00,9.74,3.69
20210210,8.40,0.00,9.70,2.91
20210211,7.74,0.00,8.79,2.62
20210212,8.27,0.00,10.34,4.18
20210213,6.03,0.00,11.04,3.25
20210214,3.03,0.00,10.18,1.54
20210215,9.29,0.00,11.98,4.50
20210216,14.72,0.00,10.91,4.19
20210217,5.43,0.00,13.48,3.89
20210218,0.99,0.00,9.77,3.60
20210219,8.96,0.00,10.93,5.08
20210220,9.50,0.00,13.23,3.14
20210221,9.79,0.00,7.36,2.17
20210222,10.90,0.00,12.97,3.20
20210223,10.18,0.00,12.24,3.38
20210224,8.55,5.19,13.08,2.80
20210225,13.34,0.00,11.01,4.04
20210226,1.93,0.00,11.64,3.42
20210227,7.99,0.00,11.14,2.87
20210228,9.35,0.00,12.40,3.17
20210201,6.56,0.00,10.91,2.87
20210202,3.26,0.00,18.06,3.32
20210203,12.00,0.00,14.30,3.44
20210204,12.54,0.00,13.58,2.12
20210205,12.65,0.00,13.10,3.74
20210306,9.99,0.00,15.77,2.49
20210307,1.27,0.00,9.02,3.16
20210308,14.41,0.00,11.44,3.73
20210309,4.89,0.00,16.43,2.74
20210310,15.93,0.00,19.08,2.79
20210311,6.70,0.00,15.86,3.99
20210312,7.45,0.00,13.23,4.94
20210313,13.26,0.00,12.80,2.00
20210314,8.71,0.00,15.43,4.51
20210315,9.41,0.00,10.77,3.37
20210316,14.12,0.00,15.38,4.28
20210317,9.60,0.00,17.25,2.30
20210318,16.47,1.38,16.54,3.32
20210319,13.68,0.00,15.50,3.64
20210320,15.92,0.00,15.52,1.69
20210321,7.76,11.56,19.20,3.98
20210322,14.77,0.00,18.25,2.18
20210323,14.68,0.00,14.93,4.46
20210324,16.21,0.00,15.49,2.09
20210325,8.46,0.00,13.57,3.82
20210326,19.50,0.00,18.82,5.39
20210327,18.58,0.00,16.47,3.04
20210328,15.58,0.00,17.61,3.73
20210301,17.96,0.00,18.42,1.58
20210302,20.74,0.00,21.67,2.66
20210303,13.02,0.00,14.24,1.24
20210304,18.65,0.00,17.00,1.76
20210305,16.34,0.00,17.72,4.39
20210306,11.31,0.00,17.48,3.67
20210307,17.67,0.00,19.05,3.45
20210308,14.74,0.00,15.51,4.42
20210409,21.06,0.00,17.59,2.99
20210410,17.71,0.00,18.65,3.03
20210411,21.48,0.00,14.68,3.11
20210412,22.51,5.50,16.07,2.42
20210413,17.32,0.00,21.80,3.48
20210414,19.28,0.00,17.51,3.32
20210415,18.45,0.00,19.16,4.30
20210416,13.73,0.00,18.77,1.95
20210417,25.09,3.61,19.68,4.13
20210418,18.76,0.00,18.81,2.88
20210419,12.30,0.00,21.14,2.60
20210420,16.27,9.22,20.25,3.62
20210421,19.00,0.00,18.89,5.44
20210422,20.48,0.00,21.20,2.24
20210423,24.32,23.58,20.85,3.94
20210424,18.47,0.00,21.25,2.13
20210425,14.24,0.00,18.74,3.65
20210426,20.97,4.39,22.87,5.11
20210427,19.24,0.00,20.26,1.96
20210428,14.67,0.00,21.11,4.23
20210401,18.44,0.00,20.04,3.00
20210402,25.23,0.00,15.75,5.37
20210403,21.33,0.00,20.29,2.74
20210404,17.09,0.00,21.00,2.38
20210405,21.48,0.00,20.58,3.52
20210406,28.13,0.00,21.31,3.27
20210407,28.17,0.00,19.76,3.82
20210408,22.08,0.00,19.24,5.24
20210409,25.09,0.00,23.29,5.21
20210410,23.61,0.00,21.59,4.38
20210511,21.15,0.00,18.36,4.62
20210512,19.04,0.00,22.29,4.45
20210513,20.88,13.68,19.91,2.92
20210514,26.68,0.00,23.68,3.86
20210515,22.52,0.00,23.27,2.28
20210516,21.92,0.00,25.13,3.12
20210517,24.88,6.75,19.91,0.59
20210518,27.97,6.45,23.47,2.39
20210519,26.40,0.00,23.54,4.69
20210520,21.28,0.00,21.68,3.39
20210521,29.59,0.00,22.54,5.20
20210522,28.15,0.00,24.37,4.75
20210523,20.70,0.00,21.66,2.97
20210524,25.64,0.00,20.97,2.69
20210525,28.95,0.00,22.17,2.61
20210526,26.55,0.00,20.09,4.44
20210527,29.42,0.00,26.01,3.33
20210528,29.49,0.00,23.13,3.58
20210501,33.25,0.00,19.26,4.06
20210502,18.49,0.00,23.96,2.38
20210503,32.53,8.04,24.76,4.80
20210504,21.89,0.00,23.63,4.52
20210505,30.15,0.00,20.56,1.87
20210506,24.42,0.00,23.67,4.92
20210507,29.45,0.00,20.62,3.72
20210508,26.42,0.00,25.96,3.46
20210509,28.26,0.00,20.80,1.84
20210510,36.37,5.24,22.65,3.19
20210511,25.42,0.00,23.29,4.50
20210512,35.28,0.00,25.02,3.05
20210513,37.88,0.00,25.66,2.98
20210614,34.41,1.67,23.62,3.05
20210615,30.16,0.00,23.69,3.41
20210616,25.17,0.00,28.25,3.74
20210617,31.94,8.75,24.45,5.28
20210618,29.26,0.00,22.09,3.06
20210619,21.38,0.00,26.13,3.82
20210620,30.95,0.00,24.14,2.44
20210621,22.83,0.00,25.08,1.30
20210622,37.04,0.00,26.04,3.39
20210623,28.08,0.00,23.41,1.02
20210624,33.04,5.12,24.97,5.02
20210625,34.95,0.00,24.34,2.76
20210626,38.21,0.00,22.15,3.34
20210627,31.66,0.00,23.36,5.42
20210628,36.26,0.00,22.27,2.13
20210601,37.07,1.20,21.57,3.55
20210602,34.23,0.00,24.69,3.83
20210603,28.62,0.00,22.90,4.18
20210604,31.08,0.00,27.10,4.52
20210605,30.49,0.00,24.77,3.00
20210606,33.37,0.00,23.61,3.14
20210607,37.46,0.00,26.82,2.33
20210608,30.27,0.00,20.19,4.54
20210609,27.29,3.26,20.52,0.86
20210610,28.57,0.00,21.26,2.90
20210611,32.69,0.00,21.97,1.84
20210612,31.03,0.00,21.28,2.85
20210613,35.91,1.21,22.07,4.29
20210614,33.08,0.00,24.18,3.16
20210615,36.43,0.00,21.07,1.83
20210716,30.78,0.00,21.92,4.05
20210717,33.70,0.00,20.75,5.51
20210718,32.98,5.41,22.37,4.13
20210719,32.34,0.00,26.01,2.94
20210720,37.22,0.00,23.20,4.61
20210721,30.50,0.00,26.44,3.04
20210722,29.61,0.00,25.69,1.18
20210723,34.19,0.00,22.53,4.46
20210724,30.83,0.00,22.97,4.19
20210725,30.65,0.00,23.64,4.26
20210726,23.83,0.00,26.40,2.36
20210727,31.80,0.00,23.66,5.34
20210728,32.65,0.00,22.57,3.77
20210701,28.99,0.00,22.26,5.14
20210702,34.64,0.00,24.31,0.72
20210703,32.06,0.00,23.98,4.01
20210704,32.98,0.00,22.82,3.22
20210705,26.15,0.00,21.19,4.14
20210706,41.41,0.00,28.54,3.10
20210707,30.44,0.00,21.31,4.17
20210708,29.92,0.00,22.28,5.14
20210709,36.90,0.00,20.51,4.78
20210710,30.52,0.00,23.61,4.62
20210711,26.07,4.69,23.93,3.21
20210712,29.38,0.00,17.82,4.58
20210713,26.81,0.00,20.36,4.96
20210714,24.98,0.00,23.02,3.36
20210715,30.71,5.00,22.96,2.47
20210716,38.81,0.00,23.18,3.85
20210717,31.96,0.00,23.27,3.31
20210818,32.09,0.00,20.12,4.72
20210819,27.72,0.00,22.49,4.42
20210820,31.50,2.59,20.34,4.03
20210821,37.17,0.00,21.03,4.46
20210822,35.21,0.00,21.17,3.81
20210823,28.49,0.00,21.94,3.88
20210824,30.32,0.00,21.93,2.83
20210825,36.80,0.00,21.15,3.41
20210826,36.94,0.00,22.20,2.75
20210827,29.37,0.00,19.74,2.48
20210828,29.16,0.00,22.55,4.30
20210801,26.69,0.00,19.69,3.80
20210802,31.76,0.00,16.00,3.93
20210803,31.70,0.00,19.66,2.71
20210804,19.16,0.00,20.68,1.15
20210805,30.15,0.00,21.04,2.14
20210806,25.66,0.00,18.03,3.44
20210807,23.54,0.00,21.08,3.37
20210808,30.77,0.00,18.94,2.98
20210809,34.05,0.00,19.86,4.51
20210810,28.95,0.00,17.60,4.28
20210811,27.97,7.59,21.78,2.86
20210812,32.30,0.00,19.82,1.73
20210813,22.93,0.00,17.60,3.52
20210814,27.07,0.00,18.68,3.11
20210815,29.54,0.00,17.78,4.65
20210816,32.71,0.00,16.91,3.69
20210817,24.87,0.00,18.74,2.65
20210818,25.51,0.00,18.55,2.02
20210819,27.38,0.00,19.50,2.37
20210820,27.87,1.09,20.08,3.48
20210921,24.72,0.00,18.11,3.71
20210922,26.51,0.00,19.68,4.24
20210923,24.55,0.00,18.06,3.67
20210924,26.75,0.00,15.65,3.67
20210925,23.56,5.68,17.53,2.66
20210926,26.62,0.00,13.51,5.18
20210927,21.60,0.00,20.01,4.70
20210928,25.83,0.00,16.01,4.58
20210901,23.05,0.00,16.67,2.81
20210902,28.43,0.00,16.86,3.10
20210903,25.08,1.99,16.48,5.30
20210904,27.36,0.00,17.33,3.11
20210905,30.59,0.00,14.96,7.32
20210906,20.78,0.00,14.79,3.79
20210907,20.96,0.00,18.51,4.79
20210908,24.68,0.00,17.42,2.77
20210909,24.38,0.00,14.02,4.25
20210910,23.02,0.00,14.08,4.31
20210911,20.05,0.00,14.05,2.17
20210912,17.66,0.00,15.09,4.67
20210913,26.49,0.00,14.17,4.88
20210914,25.08,0.00,14.84,2.97
20210915,12.57,0.00,19.54,4.92
20210916,20.44,0.00,16.46,2.79
20210917,17.77,0.00,15.50,4.64
20210918,22.00,0.00,14.51,4.59
20210919,27.29,0.00,13.18,3.60
20210920,19.68,0.00,15.91,4.52
20210921,24.18,0.00,14.41,2.96
20210922,22.65,0.00,10.97,3.43
20211023,17.95,0.00,14.10,2.47
20211024,19.92,0.00,11.90,3.87
20211025,18.12,0.00,14.61,2.66
20211026,16.95,0.00,13.89,3.86
20211027,18.80,0.00,11.90,4.54
20211028,20.85,0.00,11.42,3.13
20211001,15.42,0.00,13.12,5.52
20211002,19.82,0.00,15.75,5.02
20211003,17.21,0.00,13.14,2.19
20211004,13.53,0.00,11.98,2.08
20211005,17.97,0.00,14.94,3.58
20211006,16.22,0.00,11.48,1.27
20211007,11.59,0.00,13.75,4.29
20211008,12.72,0.00,13.31,3.94
20211009,12.47,0.00,8.32,3.41
20211010,14.66,0.00,14.48,2.45
20211011,19.40,0.00,11.68,5.14
20211012,12.69,0.00,10.89,3.36
20211013,22.13,0.00,8.65,2.85
20211014,20.00,0.00,11.58,2.36
20211015,22.64,0.00,9.30,1.62
20211016,17.01,0.00,11.70,3.48
20211017,13.53,0.00,13.28,4.63
20211018,17.91,0.00,12.18,2.85
20211019,12.60,0.00,11.61,2.73
20211020,10.82,0.00,10.40,3.26
20211021,19.98,0.00,10.19,3.47
20211022,12.39,0.00,12.04,1.46
20211023,13.95,0.00,8.40,3.77
20211024,16.48,0.00,11.47,2.42
20211025,14.16,0.00,8.34,5.42
20211126,5.35,0.00,9.24,3.49
20211127,11.92,0.00,12.25,3.00
20211128,12.57,0.00,9.96,1.20
20211101,9.46,0.00,8.38,3.89
20211102,11.70,0.00,8.91,1.88
20211103,9.04,0.00,6.60,5.12
20211104,10.72,0.00,8.72,2.07
20211105,13.11,0.00,8.42,3.21
20211106,16.46,0.00,9.30,4.58
20211107,6.24,0.00,14.28,3.25
20211108,3.60,0.00,8.84,4.57
20211109,11.89,0.00,7.68,4.43
20211110,11.52,0.00,10.26,3.76
20211111,10.47,0.92,8.64,4.41
20211112,13.67,0.00,8.29,2.75
20211113,10.57,7.39,8.57,5.38
20211114,4.83,0.00,10.71,4.30
20211115,9.64,0.00,10.67,3.26
20211116,8.84,0.00,9.91,3.32
20211117,7.68,0.00,8.79,3.60
20211118,3.66,12.32,11.95,1.78
20211119,9.98,0.00,10.08,2.77
20211120,7.64,0.00,7.19,2.71
20211121,6.57,0.00,11.36,2.64
20211122,4.29,0.00,6.33,2.04
20211123,9.62,0.00,11.58,2.47
20211124,13.24,0.00,7.92,3.57
20211125,-3.06,0.00,8.60,2.58
20211126,12.43,0.00,9.80,3.42
20211127,7.79,0.00,9.62,2.85
20211228,7.48,0.00,6.67,0.62
20211201,8.02,0.00,7.84,2.75
20211202,3.06,7.49,10.85,3.19
20211203,9.20,0.00,8.37,4.41
20211204,9.29,0.00,10.61,3.54
20211205,9.61,0.00,9.38,4.30
20211206,7.05,0.00,9.44,2.62
20211207,9.80,0.00,5.00,4.25
20211208,3.67,0.00,9.63,2.63
20211209,7.08,0.00,5.94,5.22
20211210,3.04,0.00,9.67,2.32
20211211,4.48,0.00,5.10,4.57
20211212,2.94,0.00,8.08,4.48
20211213,2.71,0.00,7.45,2.12
20211214,6.33,0.00,9.52,4.42
20211215,4.71,0.00,9.88,2.60
20211216,3.91,0.00,7.68,3.72
20211217,3.65,0.00,9.67,4.34
20211218,10.97,0.00,6.99,2.83
20211219,3.17,0.00,6.43,4.22
20211220,10.19,0.00,9.68,1.40
20211221,7.21,0.00,10.08,2.72
20211222,1.67,0.00,10.73,3.86
20211223,5.78,0.00,6.15,1.40
20211224,2.58,0.00,8.80,3.55
20211225,17.29,0.00,7.14,4.87
20211226,4.94,0.00,12.02,4.35
20211227,7.77,0.00,10.92,3.74
20211228,7.28,0.00,8.68,2.62
20211201,2.80,0.00,10.27,3.52
20220101,5.03,0.00,8.19,2.41
20220102,5.15,0.00,8.99,3.28
20220103,6.37,0.00,9.39,3.69
20220104,7.96,0.00,8.44,3.95
20220105,-0.90,0.00,12.63,3.77
20220106,5.40,0.00,8.29,3.14
20220107,3.49,0.00,11.86,3.02
20220108,4.19,0.00,6.50,3.64
20220109,8.81,0.00,13.52,3.27
20220110,4.80,0.00,9.50,4.72
20220111,4.90,0.00,7.34,1.95
20220112,5.39,0.00,10.06,3.12
20220113,-3.08,0.00,7.64,2.93
20220114,4.70,0.00,8.14,2.82
20220115,-1.06,0.00,7.13,1.67
20220116,2.59,0.00,6.55,3.42
20220117,-2.07,0.00,6.68,3.41
20220118,0.66,0.00,9.68,2.89
20220119,4.04,0.00,14.19,4.30
20220120,4.69,0.00,6.77,2.41
20220121,0.24,0.00,9.06,3.13
20220122,13.92,0.00,11.00,3.93
20220123,4.84,0.00,6.45,3.58
20220124,8.75,0.00,9.09,4.87
20220125,8.07,0.00,6.46,3.79
20220126,2.36,0.00,10.46,2.04
20220127,3.16,0.00,12.32,0.98
20220128,7.02,0.00,9.36,2.61
20220101,8.74,0.00,13.40,4.75
20220102,2.29,0.00,9.51,2.93
20220103,5.66,0.00,8.80,4.22
20220204,6.26,0.00,10.98,2.59
20220205,5.48,0.00,9.28,2.13
20220206,6.05,0.00,13.84,3.34
20220207,2.98,0.00,5.93,2.61
20220208,5.74,0.00,11.46,4.32
20220209,8.37,0.00,9.01,4.26
20220210,3.17,0.00,9.57,4.76
20220211,-1.57,0.00,12.55,5.01
20220212,7.85,0.00,12.41,2.58
20220213,0.48,0.00,11.91,3.74
20220214,10.25,0.00,6.24,3.41
20220215,6.32,0.00,9.60,4.59
20220216,6.74,0.00,10.05,3.30
20220217,1.39,0.00,10.79,2.88
20220218,7.99,0.00,11.51,3.44
20220219,2.45,0.00,11.17,2.69
20220220,10.00,0.00,10.10,2.95
20220221,6.80,0.00,14.75,3.19
20220222,4.75,0.00,13.14,4.57
20220223,3.40,0.00,12.39,3.53
20220224,1.27,0.00,14.93,3.96
20220225,6.94,0.00,10.24,3.31
20220226,4.67,0.00,9.06,3.78
20220227,11.11,0.00,13.60,3.45
20220228,14.41,4.67,12.41,2.93
20220201,6.16,0.00,14.16,4.34
20220202,9.52,0.00,12.86,4.35
20220203,5.15,0.00,12.89,4.35
20220204,8.84,0.00,14.35,3.09
20220205,9.75,0.00,12.27,3.91
20220306,10.81,0.00,13.49,4.22
20220307,11.99,20.20,16.63,3.20
20220308,14.59,0.00,13.74,2.99
20220309,13.00,0.00,14.17,1.19
20220310,10.58,0.00,17.14,2.95
20220311,2.00,0.00,11.56,3.90
20220312,5.69,0.00,11.05,4.60
20220313,10.61,0.00,13.96,5.45
20220314,10.11,0.00,14.30,4.62
20220315,5.37,0.00,15.66,2.66
20220316,7.30,0.00,14.68,0.90
20220317,11.80,0.00,12.71,4.11
20220318,13.84,0.00,13.89,2.42
20220319,22.02,0.00,16.50,2.46
20220320,10.15,0.00,9.22,2.03
20220321,13.23,0.00,16.69,3.08
20220322,5.34,4.68,16.52,1.70
20220323,10.17,0.00,15.98,3.50
20220324,23.92,0.00,14.42,3.91
20220325,11.95,0.00,15.39,5.05
20220326,10.39,0.00,17.71,3.37
20220327,17.06,0.00,17.90,2.08
20220328,17.32,0.00,16.98,2.52
20220301,16.13,0.00,17.29,3.92
20220302,15.15,0.00,17.72,3.24
20220303,14.26,0.00,18.85,5.17
20220304,19.58,2.63,15.05,2.45
20220305,7.71,0.00,19.47,2.37
20220306,16.04,0.00,20.42,4.89
20220307,12.30,0.00,14.35,3.35
20220308,16.26,0.00,15.35,3.11
20220409,24.85,0.00,17.77,4.41
20220410,19.88,0.00,20.80,4.89
20220411,17.67,4.89,18.66,4.62
20220412,10.39,0.00,17.97,4.93
20220413,22.12,0.00,16.14,3.47
20220414,15.74,0.00,18.06,4.26
20220415,16.85,0.00,18.51,2.38
20220416,18.13,0.00,20.52,4.58
20220417,14.85,4.96,20.22,4.10
20220418,17.16,0.00,20.57,2.74
20220419,9.86,0.00,19.26,2.88
20220420,23.82,0.00,17.61,3.63
20220421,25.93,8.96,20.60,2.91
20220422,17.48,0.00,24.34,1.63
20220423,18.47,0.00,21.78,3.46
20220424,16.10,7.89,21.17,3.73
20220425,23.63,0.00,20.95,4.31
20220426,16.61,0.00,22.88,3.65
20220427,18.14,0.00,19.89,3.86
20220428,15.32,0.00,22.67,2.06
20220401,28.86,1.22,23.54,3.62
20220402,16.96,0.00,21.31,2.76
20220403,16.82,0.00,20.48,3.91
20220404,27.61,0.00,22.56,1.94
20220405,19.53,0.00,20.17,3.54
20220406,20.36,10.19,17.93,2.97
20220407,17.74,0.00,22.87,3.40
20220408,32.41,0.00,22.07,2.92
20220409,19.93,0.00,20.14,5.01
20220410,27.08,6.03,23.75,2.89
20220511,23.46,0.00,20.73,3.04
20220512,18.34,0.00,25.03,2.63
20220513,28.68,3.20,20.40,4.06
20220514,30.15,0.00,21.71,4.03
20220515,23.10,0.00,20.75,4.66
20220516,28.22,5.93,23.14,3.31
20220517,19.63,0.00,23.09,3.07
20220518,27.44,0.00,27.84,3.17
20220519,29.36,0.00,23.04,4.48
20220520,26.72,0.00,25.45,4.26
20220521,22.24,0.00,23.77,2.70
20220522,28.49,0.00,22.73,4.30
20220523,24.31,6.99,25.00,3.70
20220524,27.31,0.00,21.80,2.98
20220525,23.99,0.00,22.08,2.54
20220526,22.96,6.93,20.55,3.56
20220527,30.27,0.00,21.77,1.44
20220528,36.34,0.00,20.26,3.60
20220501,25.29,0.00,21.06,3.46
20220502,27.74,16.03,21.16,3.81
20220503,24.20,0.00,23.49,3.49
20220504,20.96,0.00,21.78,3.30
20220505,19.07,0.00,23.47,2.73
20220506,31.34,0.00,26.25,2.65
20220507,29.61,0.00,21.51,4.31
20220508,26.27,0.00,20.74,5.05
20220509,33.22,0.00,23.95,3.34
20220510,22.60,0.00,22.20,2.54
20220511,32.77,0.00,21.28,3.89
20220512,28.37,0.00,23.16,3.66
20220513,29.84,0.00,27.73,3.60
20220614,18.86,1.08,26.65,3.05
20220615,28.56,0.00,24.80,3.90
20220616,28.48,0.59,23.31,3.97
20220617,31.26,0.00,22.03,1.08
20220618,28.66,0.00,23.91,2.52
20220619,29.83,1.35,23.12,4.09
20220620,26.95,0.00,20.71,3.20
20220621,25.02,0.00,23.72,0.50
20220622,35.11,0.00,23.42,3.40
20220623,27.07,0.00,22.03,3.06
20220624,31.23,0.00,24.34,4.06
20220625,33.79,0.00,21.65,2.37
20220626,36.20,6.87,28.86,1.90
20220627,25.17,0.00,21.43,4.03
20220628,34.03,0.00,27.97,2.35
20220601,31.13,0.00,22.31,3.66
20220602,39.44,18.71,22.92,2.15
20220603,34.29,0.00,23.57,2.72
20220604,30.32,0.00,24.16,1.47
20220605,32.00,0.00,25.51,1.98
20220606,31.51,0.00,26.20,4.24
20220607,35.35,0.00,25.28,3.23
20220608,30.04,0.00,24.55,3.14
20220609,25.00,3.46,24.56,3.16
20220610,32.21,0.00,22.29,2.00
20220611,35.63,2.51,21.45,3.48
20220612,32.97,0.00,24.81,2.88
20220613,25.10,0.00,25.03,3.43
20220614,31.55,0.00,26.08,2.87
20220615,32.89,0.00,21.97,4.20
20220716,33.63,0.00,21.09,4.58
20220717,30.28,0.00,24.59,4.28
20220718,29.66,5.01,23.68,2.41
20220719,31.60,0.00,21.68,1.74
20220720,37.46,0.00,22.95,2.73
20220721,32.69,0.00,24.48,2.86
20220722,27.32,0.00,23.74,3.85
20220723,26.78,0.00,22.52,4.33
20220724,28.55,0.00,22.84,2.69
20220725,34.78,0.00,21.38,4.03
20220726,26.78,0.00,23.22,5.62
20220727,33.99,7.56,24.82,1.92
20220728,27.06,0.00,26.37,4.31
20220701,26.47,0.00,23.82,1.81
20220702,27.31,0.00,21.18,2.51
20220703,30.81,0.00,21.77,3.39
20220704,33.44,0.00,22.81,2.60
20220705,31.33,4.48,24.11,0.50
20220706,33.78,0.00,22.18,4.03
20220707,34.18,0.00,22.29,2.18
20220708,35.59,0.00,23.46,2.98
20220709,31.69,0.00,22.52,2.47
20220710,27.68,3.64,24.12,3.55
20220711,32.58,0.00,24.42,3.25
20220712,29.79,0.00,22.42,3.88
20220713,28.74,0.00,24.25,4.30
20220714,26.85,0.00,20.15,4.12
20220715,27.32,0.00,19.88,2.16
20220716,40.34,0.00,23.55,2.60
20220717,32.40,0.00,23.81,4.67
20220818,34.52,0.00,22.89,3.48
20220819,28.76,0.00,19.91,2.09
20220820,28.55,0.00,20.96,3.60
20220821,27.73,0.00,22.31,3.44
20220822,36.11,0.00,24.46,4.21
20220823,25.68,0.00,22.47,2.32
20220824,27.01,0.00,26.81,4.98
20220825,32.62,0.00,19.38,4.15
20220826,28.17,0.00,21.51,4.24
20220827,32.29,0.00,19.97,4.36
20220828,35.07,0.00,23.03,2.33
20220801,29.65,0.00,22.78,3.52
20220802,27.73,0.00,20.96,4.03
20220803,23.20,0.00,21.83,4.85
20220804,29.89,0.00,18.11,4.52
20220805,33.34,0.00,18.83,4.47
20220806,27.15,0.00,17.47,0.82
20220807,29.82,0.00,19.63,2.17
20220808,34.07,0.00,15.94,2.88
20220809,29.84,0.00,19.95,3.39
20220810,28.66,0.00,20.21,3.93
20220811,33.56,0.00,21.48,2.80
20220812,28.39,0.00,21.59,4.27
20220813,25.26,0.00,17.28,2.44
20220814,25.25,0.00,17.70,5.19
20220815,32.54,0.00,20.24,4.09
20220816,26.76,0.00,20.29,3.34
20220817,29.05,0.00,22.32,3.46
20220818,19.67,0.00,18.84,3.37
20220819,26.91,7.48,17.66,5.01
20220820,35.78,0.00,19.09,4.33
20220921,28.41,5.37,17.33,4.04
20220922,22.35,0.00,19.24,3.43
20220923,28.12,0.00,16.93,3.09
20220924,26.87,0.00,16.95,3.58
20220925,27.72,0.00,18.57,3.86
20220926,27.34,0.00,17.26,4.29
20220927,24.92,0.00,17.93,5.10
20220928,21.21,0.00,18.42,4.12
20220901,32.12,0.00,16.52,4.30
20220902,33.01,0.00,15.98,2.99
20220903,25.65,0.00,15.52,4.40
20220904,22.57,0.00,18.81,4.03
20220905,28.88,0.00,17.63,4.85
20220906,22.40,0.00,14.34,5.24
20220907,21.41,0.00,17.12,4.00
20220908,22.59,0.00,18.70,3.65
20220909,19.89,0.00,13.90,4.03
20220910,26.95,0.00,19.38,5.02
20220911,22.56,0.00,15.74,3.65
20220912,22.03,0.00,13.75,3.31
20220913,17.76,0.00,14.97,3.42
20220914,16.44,0.00,16.87,1.46
20220915,23.57,0.00,19.91,4.18
20220916,25.73,0.00,17.69,2.41
20220917,28.69,0.00,12.45,3.94
20220918,22.02,0.00,14.94,3.64
20220919,23.50,0.00,18.70,4.06
20220920,18.99,0.00,14.82,5.25
20220921,17.05,0.00,19.28,3.61
20220922,25.73,0.00,14.09,4.17
20221023,21.34,0.00,11.16,3.95
20221024,26.17,0.00,12.06,5.02
20221025,15.10,0.00,14.81,3.71
20221026,17.11,0.00,14.78,3.77
20221027,22.88,0.00,14.69,2.97
20221028,22.85,0.00,12.74,1.31
20221001,20.34,0.00,16.22,2.69
20221002,19.05,0.00,14.30,3.88
20221003,15.71,0.00,15.78,4.65
20221004,15.26,0.00,15.78,3.47
20221005,17.14,0.00,15.36,3.43
20221006,11.01,0.00,19.10,4.12
20221007,23.66,0.00,12.96,2.67
20221008,20.04,0.00,15.08,3.83
20221009,20.41,0.00,13.82,4.29
20221010,18.79,0.00,12.86,4.32
20221011,9.52,0.00,14.32,2.78
20221012,8.24,0.00,12.56,5.20
20221013,11.84,0.00,13.69,4.12
20221014,13.52,0.00,9.62,1.65
20221015,15.54,0.00,7.69,4.86
20221016,18.70,0.00,10.22,2.86
20221017,9.11,0.00,11.40,3.51
20221018,20.94,0.00,11.47,2.08
20221019,21.12,0.00,7.14,1.35
20221020,21.42,0.00,13.05,5.00
20221021,9.32,0.00,13.24,3.40
20221022,10.48,0.00,9.69,5.50
20221023,12.58,0.00,7.50,5.05
20221024,13.12,0.00,10.97,3.84
20221025,13.71,0.00,12.04,2.75
20221126,14.50,0.00,12.60,2.66
20221127,22.62,0.00,8.49,1.87
20221128,13.16,0.00,11.99,1.95
20221101,12.29,0.00,12.53,1.73
20221102,9.72,0.00,10.18,3.18
20221103,12.31,0.00,11.16,1.91
20221104,11.45,0.00,8.12,5.27
20221105,16.78,0.00,11.08,4.07
20221106,7.26,0.00,9.44,2.11
20221107,13.25,0.00,14.14,5.88
20221108,7.70,0.00,10.47,2.91
20221109,10.10,0.00,6.73,3.97
20221110,4.87,0.00,10.65,4.03
20221111,8.75,0.00,12.86,3.05
20221112,12.60,0.00,6.61,3.64
20221113,15.95,0.00,8.17,3.02
20221114,15.21,0.00,10.11,4.37
20221115,12.30,0.00,6.57,3.75
20221116,10.70,0.00,9.46,3.71
20221117,7.49,0.00,11.71,3.73
20221118,8.57,0.00,8.07,3.70
20221119,10.72,0.00,8.85,3.39
20221120,9.20,0.00,8.94,2.98
20221121,4.73,0.00,5.61,4.07
20221122,9.60,0.00,6.89,2.55
20221123,3.06,0.00,9.81,3.13
20221124,11.43,0.00,9.55,2.11
20221125,14.85,0.00,5.00,3.18
20221126,5.98,0.00,6.47,3.58
20221127,5.78,0.00,7.92,3.94
20221228,11.25,0.00,9.12,3.46
20221201,13.59,0.00,6.97,5.35
20221202,4.71,0.00,8.69,4.05
20221203,4.04,0.00,7.64,3.66
20221204,3.34,0.00,5.50,5.23
20221205,8.67,0.00,6.87,1.65
20221206,-0.28,0.00,9.36,3.05
20221207,4.03,0.00,11.69,2.05
20221208,5.20,0.00,7.95,3.29
20221209,7.52,0.00,10.55,3.79
20221210,1.62,0.00,11.47,2.89
20221211,8.15,0.00,6.13,4.63
20221212,-1.32,0.00,10.54,2.01
20221213,5.22,0.00,13.22,3.59
20221214,11.99,0.00,6.91,4.00
20221215,8.85,0.00,10.71,4.45
20221216,11.39,0.00,8.61,3.81
20221217,5.66,0.00,10.87,4.74
20221218,11.70,0.00,10.48,2.86
20221219,4.56,0.00,7.04,1.14
20221220,8.68,0.00,6.93,2.88
20221221,12.03,0.00,11.53,3.60
20221222,8.71,0.00,8.15,3.77
20221223,-1.71,0.00,8.60,1.19
20221224,6.14,0.00,6.97,4.36
20221225,7.01,0.00,8.77,4.19
20221226,6.25,0.00,8.31,3.39
20221227,5.22,0.00,10.00,3.46
20221228,1.74,0.00,5.00,2.04
20221201,9.54,0.00,7.39,1.99
20230101,5.65,0.00,9.67,3.84
20230102,8.66,0.00,10.77,2.55
20230103,10.66,0.00,10.07,3.31
20230104,9.07,0.00,8.89,4.12
20230105,4.35,0.00,11.40,4.11
20230106,4.95,0.00,11.00,2.72
20230107,4.23,0.00,7.36,3.36
20230108,5.92,0.00,10.54,1.66
20230109,12.95,0.00,9.69,2.69
20230110,8.49,0.00,8.66,3.75
20230111,6.81,0.00,7.08,2.27
20230112,10.06,0.00,10.09,4.03
20230113,6.84,0.00,9.09,4.57
20230114,5.28,0.00,9.99,3.19
20230115,1.89,0.00,11.27,2.04
20230116,8.67,0.00,13.25,3.47
20230117,5.70,0.00,11.27,2.93
20230118,10.70,0.00,9.50,2.82
20230119,8.42,0.00,8.88,3.88
20230120,9.57,0.00,11.00,4.18
20230121,4.90,0.00,9.84,3.30
20230122,-2.57,0.00,9.81,4.34
20230123,1.31,0.00,11.12,5.21
20230124,8.74,0.00,11.12,3.34
20230125,7.39,0.00,7.92,5.64
20230126,-5.05,0.00,12.10,3.41
20230127,6.22,0.00,11.31,2.70
20230128,0.06,0.00,11.94,3.33
20230101,7.62,0.00,9.39,2.21
20230102,6.01,0.00,7.54,2.79
20230103,1.41,0.00,10.53,3.99
20230204,4.67,0.00,10.37,4.62
20230205,8.43,0.00,8.60,3.90
20230206,5.15,0.00,11.15,1.74
20230207,0.83,0.00,11.66,1.54
20230208,6.95,0.00,9.86,2.26
20230209,4.31,0.00,14.15,4.27
20230210,2.17,0.00,14.84,3.22
20230211,0.74,0.00,9.53,3.48
20230212,7.32,5.06,12.35,3.75
20230213,9.21,0.00,9.69,5.24
20230214,7.65,0.00,13.25,3.34
20230215,0.98,0.00,10.42,4.49
20230216,8.09,0.00,10.36,2.00
20230217,5.55,0.00,9.60,3.90
20230218,3.88,0.00,12.35,3.80
20230219,7.05,0.00,12.80,3.02
20230220,8.64,0.00,12.42,4.59
20230221,9.58,0.00,10.53,5.27
20230222,15.87,0.00,12.52,3.87
20230223,10.68,0.00,13.78,3.66
20230224,8.81,0.00,15.27,3.21
20230225,15.56,0.00,11.60,4.55
20230226,12.65,0.00,8.44,3.32
20230227,10.27,0.00,15.62,4.61
20230228,10.32,0.00,11.46,2.82
20230201,4.07,0.00,12.94,5.64
20230202,3.83,0.00,13.42,1.75
20230203,8.90,0.00,15.65,4.44
20230204,6.51,0.00,12.43,2.87
20230205,12.67,0.00,12.84,2.32
20230306,14.42,0.00,15.80,2.68
20230307,-0.57,0.00,14.46,4.37
20230308,9.87,0.00,15.59,2.93
20230309,1.36,0.00,14.29,3.00
20230310,5.25,0.00,14.36,3.57
20230311,6.77,0.00,14.61,2.14
20230312,15.49,0.00,16.86,3.57
20230313,7.62,0.00,14.31,2.92
20230314,14.76,0.00,14.60,1.44
20230315,4.29,0.00,13.62,3.91
20230316,7.84,0.00,11.23,3.18
20230317,17.36,0.00,14.18,3.30
20230318,11.75,0.00,15.39,3.86
20230319,10.03,0.00,16.12,2.69
20230320,5.48,11.07,13.23,2.81
20230321,10.89,0.00,15.20,1.48
20230322,19.20,0.00,14.53,3.14
20230323,14.87,0.00,19.29,3.85
20230324,15.57,0.00,14.75,3.59
20230325,20.39,0.00,15.73,3.77
20230326,10.50,0.00,13.69,3.81
20230327,9.74,3.91,15.14,4.42
20230328,15.63,0.00,18.24,3.37
20230301,7.77,0.00,16.85,3.57
20230302,8.09,0.00,16.03,3.87
20230303,11.76,0.00,16.52,3.94
20230304,18.96,0.00,13.90,3.62
20230305,11.34,0.00,13.45,2.76
20230306,15.17,0.00,17.47,3.48
20230307,16.97,0.00,17.74,3.45
20230308,13.45,0.00,14.28,3.67
20230409,11.43,0.00,16.30,2.43
20230410,14.50,0.00,20.76,2.77
20230411,13.66,0.00,19.43,3.09
20230412,13.92,0.00,18.28,3.67
20230413,11.01,0.00,18.03,4.31
20230414,15.78,0.00,17.55,5.36
20230415,11.16,0.00,16.58,0.50
20230416,15.03,0.00,19.72,4.31
20230417,16.92,0.00,18.10,1.99
20230418,10.88,0.00,18.51,4.62
20230419,12.51,0.00,15.74,4.81
20230420,18.58,1.81,16.71,3.04
20230421,18.44,0.00,21.91,5.08
20230422,16.56,0.00,20.53,3.90
20230423,21.85,0.00,19.32,1.92
20230424,18.84,0.00,21.04,1.24
20230425,20.54,0.00,20.48,3.71
20230426,20.59,0.00,20.21,2.57
20230427,18.79,0.00,16.58,3.09
20230428,21.79,0.00,22.32,4.41
20230401,22.68,0.00,19.38,3.91
20230402,22.67,0.00,18.81,3.93
20230403,25.43,0.00,20.54,3.36
20230404,20.54,0.00,20.05,4.02
20230405,23.13,0.00,20.03,2.69
20230406,24.26,0.00,22.21,2.85
20230407,19.81,0.00,21.00,3.20
20230408,24.82,0.00,21.19,3.84
20230409,18.28,0.00,20.96,3.08
20230410,22.52,0.00,17.59,3.41
20230511,21.30,0.00,24.04,2.89
20230512,24.53,0.00,22.06,3.23
20230513,22.29,0.00,23.10,3.96
20230514,24.39,14.29,24.13,2.24
20230515,20.73,0.00,23.04,3.05
20230516,29.24,9.55,23.48,3.12
20230517,24.27,0.90,22.44,3.67
20230518,18.65,0.00,19.36,3.94
20230519,21.60,0.00,22.94,2.83
20230520,27.05,0.00,21.07,1.79
20230521,24.25,1.99,21.01,2.48
20230522,31.02,0.00,18.26,2.11
20230523,22.46,11.05,22.37,3.80
20230524,24.07,0.00,22.50,3.17
20230525,29.55,0.00,24.72,3.00
20230526,24.90,0.00,21.02,4.41
20230527,27.08,0.00,21.53,5.17
20230528,35.48,0.00,23.02,4.90
20230501,26.65,0.00,22.99,2.36
20230502,26.21,0.00,23.92,3.59
20230503,30.29,5.95,20.39,2.92
20230504,22.79,0.00,22.03,2.37
20230505,24.00,0.00,24.24,4.29
20230506,26.83,0.00,21.39,5.05
20230507,17.10,0.00,23.55,1.93
20230508,31.91,0.00,23.20,4.84
20230509,31.46,0.00,23.09,4.77
20230510,35.61,0.00,19.86,2.94
20230511,32.62,0.00,22.90,2.47
20230512,27.18,0.00,24.85,2.38
20230513,33.84,0.00,25.44,4.28
20230614,24.20,0.00,25.61,4.07
20230615,30.24,0.00,24.48,2.02
20230616,32.53,0.00,23.41,4.44
20230617,26.38,0.00,23.44,3.87
20230618,28.66,0.00,25.87,2.33
20230619,34.14,8.73,22.86,4.36
20230620,30.99,8.09,19.95,4.75
20230621,29.21,0.00,21.39,2.72
20230622,29.10,0.00,24.03,3.05
20230623,30.92,0.00,22.97,2.78
20230624,34.53,0.00,22.12,4.06
20230625,32.20,0.00,25.69,4.19
20230626,30.36,0.00,23.81,3.17
20230627,29.66,0.00,22.01,5.07
20230628,27.02,0.00,25.82,3.18
20230601,28.21,0.00,23.06,3.52
20230602,29.57,0.00,26.17,3.54
20230603,27.88,0.00,23.16,3.48
20230604,22.72,0.00,22.82,3.16
20230605,29.73,0.00,21.97,4.23
20230606,29.18,3.58,25.91,2.65
20230607,32.31,0.00,20.97,1.86
20230608,32.86,0.00,20.43,2.65
20230609,33.16,0.00,25.72,3.08
20230610,30.07,0.00,24.61,2.83
20230611,28.91,0.00,26.28,2.98
20230612,30.49,0.00,22.30,3.67
20230613,32.17,0.00,21.88,1.01
20230614,30.53,5.40,22.78,4.62
20230615,33.85,0.00,25.20,2.90
20230716,26.29,0.00,23.56,4.18
20230717,35.22,0.00,22.22,3.20
20230718,24.60,0.00,23.10,1.20
20230719,33.76,0.00,20.43,1.13
20230720,30.01,0.00,23.18,4.59
20230721,40.26,0.00,22.95,2.81
20230722,39.29,0.00,24.66,4.11
20230723,35.39,0.00,26.93,3.82
20230724,32.25,0.00,22.64,3.24
20230725,35.57,0.00,23.72,3.10
20230726,21.17,13.57,25.42,2.10
20230727,29.87,0.00,24.98,3.28
20230728,31.77,0.00,25.05,3.18
20230701,33.54,0.00,24.10,2.36
20230702,31.93,0.00,27.35,3.52
20230703,25.21,0.00,23.85,4.02
20230704,31.00,0.00,21.11,4.19
20230705,36.42,0.00,23.28,3.47
20230706,29.37,0.00,23.90,3.57
20230707,33.12,0.00,24.24,2.31
20230708,36.25,0.00,23.26,2.64
20230709,30.97,0.00,22.88,1.56
20230710,35.72,7.67,23.50,2.62
20230711,27.70,0.00,19.55,4.08
20230712,29.74,0.00,20.69,3.83
20230713,35.20,0.00,24.40,3.63
20230714,31.85,0.00,25.01,1.66
20230715,27.43,0.00,24.21,5.48
20230716,28.54,1.12,19.98,2.54
20230717,32.20,0.00,22.45,2.17
20230818,36.22,0.00,18.97,4.75
20230819,31.13,0.00,20.72,2.90
20230820,32.49,0.00,21.96,4.28
20230821,32.51,0.00,20.94,2.99
20230822,36.50,0.00,22.01,2.50
20230823,32.14,0.00,17.06,5.05
20230824,33.69,0.00,17.87,5.82
20230825,33.05,0.00,18.46,4.43
20230826,22.88,0.00,20.59,2.17
20230827,27.08,0.00,22.87,3.78
20230828,34.45,0.00,23.56,3.73
20230801,34.74,0.00,21.85,2.43
20230802,34.22,0.00,19.55,3.23
20230803,29.69,0.00,20.77,2.24
20230804,28.63,0.00,25.11,3.72
20230805,23.60,0.00,17.99,2.28
20230806,25.78,0.00,23.54,4.00
20230807,23.40,0.00,21.70,0.77
20230808,27.01,0.00,17.16,2.29
20230809,23.66,0.00,21.77,4.11
20230810,33.09,0.00,15.99,3.91
20230811,21.63,0.00,20.78,3.55
20230812,33.40,0.00,17.18,2.61
20230813,30.81,0.00,20.82,3.14
20230814,29.05,0.00,19.13,1.79
20230815,24.95,0.00,18.01,2.45
20230816,31.10,0.00,16.85,3.65
20230817,29.41,0.00,17.52,3.25
20230818,33.23,0.00,18.81,0.75
20230819,28.46,0.00,16.55,4.18
20230820,28.28,0.00,18.63,3.44
20230921,36.63,0.00,16.67,1.75
20230922,28.01,0.00,18.63,3.27
20230923,32.06,0.00,16.28,4.03
20230924,28.00,0.00,16.59,5.09
20230925,29.71,0.00,18.86,1.94
20230926,23.20,0.00,17.72,1.82
20230927,24.90,0.00,17.38,1.04
20230928,20.20,0.00,18.62,1.95
20230901,26.84,0.00,16.75,2.43
20230902,16.59,0.00,15.77,2.89
20230903,26.00,0.00,15.02,3.48
20230904,29.70,0.00,17.24,3.47
20230905,18.56,0.00,18.24,4.69
20230906,27.96,0.00,19.93,4.83
20230907,22.13,0.00,12.03,4.41
20230908,24.06,0.00,18.42,2.06
20230909,23.81,0.00,19.41,2.11
20230910,20.62,0.00,19.49,3.34
20230911,17.06,0.00,16.65,3.91
20230912,17.54,0.00,14.10,2.43
20230913,21.43,0.00,13.28,3.13
20230914,12.36,0.00,13.12,3.63
20230915,17.89,0.00,16.07,3.83
20230916,22.30,0.00,16.00,3.94
20230917,21.66,0.00,15.80,3.10
20230918,18.89,0.00,15.30,3.97
20230919,25.57,0.00,13.98,5.31
20230920,20.38,0.00,13.12,3.75
20230921,11.66,0.00,14.12,2.65
20230922,20.97,0.00,15.17,2.97
20231023,10.28,0.00,16.71,4.81
20231024,21.78,0.00,15.70,1.86
20231025,17.53,0.00,15.13,4.38
20231026,19.07,0.00,13.52,2.76
20231027,16.40,0.00,15.04,2.75
20231028,20.91,0.00,14.58,1.65
20231001,16.60,0.00,14.00,2.27
20231002,13.67,0.00,10.40,3.48
20231003,13.18,0.00,12.12,2.88
20231004,13.60,0.00,16.42,3.19
20231005,22.90,0.00,10.91,2.75
20231006,19.11,0.00,11.38,3.66
20231007,20.07,0.00,15.96,3.39
20231008,15.13,0.00,7.48,4.65
20231009,22.81,0.00,13.18,3.67
20231010,16.64,0.00,11.78,1.53
20231011,15.17,0.00,13.32,4.20
20231012,20.34,0.00,9.55,2.62
20231013,20.54,0.00,14.91,3.43
20231014,17.49,0.00,8.32,2.44
20231015,9.75,0.00,12.65,4.81
20231016,11.36,0.00,14.15,3.33
20231017,17.29,0.00,13.81,4.43
20231018,15.29,0.00,13.52,2.20
20231019,14.55,0.00,17.11,4.07
20231020,15.73,0.00,10.91,1.83
20231021,4.73,0.00,11.42,2.88
20231022,12.34,0.00,14.55,2.71
20231023,20.92,0.00,10.44,3.31
20231024,15.41,0.00,12.85,4.51
20231025,14.15,0.00,10.54,2.24
20231126,21.56,0.00,9.20,2.20
20231127,11.26,0.00,12.59,4.56
20231128,9.49,0.00,12.07,3.74
20231101,13.16,0.00,12.21,1.69
20231102,14.80,0.00,5.59,3.05
20231103,12.17,0.00,10.32,2.42
20231104,12.28,0.00,7.58,0.50
20231105,6.46,0.00,8.54,3.52
20231106,19.03,0.00,8.79,3.25
20231107,6.68,0.00,8.14,3.89
20231108,8.07,0.00,10.25,2.27
20231109,12.39,0.00,8.98,3.59
20231110,14.40,0.00,9.99,3.12
20231111,11.86,0.00,7.71,2.78
20231112,11.25,0.00,9.77,1.65
20231113,5.30,0.00,10.30,5.14
20231114,2.72,0.00,8.83,3.75
20231115,6.61,0.00,5.00,4.29
20231116,14.54,0.00,9.27,2.19
20231117,7.21,0.00,5.00,4.19
20231118,11.03,0.00,8.65,3.45
20231119,12.97,0.00,9.86,2.98
20231120,15.79,0.00,10.79,2.91
20231121,-5.23,0.00,10.86,4.40
20231122,6.59,0.00,6.71,2.57
20231123,11.59,0.00,12.38,2.66
20231124,9.49,0.00,10.85,2.31
20231125,7.89,0.00,9.66,6.41
20231126,10.37,0.00,9.85,3.09
20231127,8.51,0.00,8.31,4.30
20231228,9.52,0.00,5.00,2.90
20231201,8.75,0.00,8.86,4.00
20231202,11.14,0.00,6.98,3.26
20231203,9.57,0.00,6.65,3.20
20231204,6.84,0.00,7.45,2.66
20231205,5.15,0.00,5.00,3.85
20231206,10.79,0.00,7.29,2.36
20231207,2.91,0.00,7.03,4.81
20231208,8.71,0.00,5.47,2.33
20231209,10.70,0.00,10.36,3.67
20231210,10.25,0.00,7.20,3.49
20231211,4.36,0.00,7.81,3.41
20231212,1.30,0.00,9.67,3.47
20231213,1.12,0.00,6.76,4.63
20231214,6.96,0.00,8.72,2.37
20231215,10.43,0.00,5.27,1.99
20231216,7.05,0.00,7.23,2.00
20231217,12.96,0.00,10.29,3.71
20231218,10.11,0.00,10.99,3.49
20231219,3.53,0.00,9.17,3.92
20231220,-1.01,0.00,5.71,2.76
20231221,5.68,0.00,8.32,2.48
20231222,3.83,0.00,10.61,5.45
20231223,6.05,0.00,11.37,1.98
20231224,0.89,0.00,10.51,5.50
20231225,12.24,0.00,10.14,3.68
20231226,10.04,0.00,8.13,2.09
20231227,4.13,0.00,9.31,3.51
20231228,9.29,0.00,7.69,4.43
20231201,-2.26,0.00,5.00,5.41
20240101,0.74,0.00,8.95,1.64
20240102,1.97,0.00,9.37,4.90
20240103,-5.00,1.27,9.41,4.35
20240104,6.72,0.00,5.64,3.34
20240105,6.83,0.00,7.49,3.88
20240106,4.67,0.00,6.14,3.94
20240107,4.61,0.00,8.10,2.90
20240108,9.60,0.00,9.30,3.55
20240109,1.52,0.00,9.19,5.05
20240110,1.13,0.00,9.71,4.42
20240111,1.54,0.00,6.16,3.79
20240112,8.80,0.00,5.00,3.07
20240113,5.84,0.00,13.80,3.80
20240114,-2.54,0.00,9.78,1.53
20240115,0.79,0.00,8.72,5.17
20240116,1.74,0.00,9.04,4.06
20240117,5.66,0.00,10.81,2.63
20240118,1.25,0.00,5.56,3.45
20240119,0.33,0.00,10.00,2.56
20240120,2.74,0.00,10.29,1.76
20240121,6.02,0.00,9.34,3.06
20240122,7.52,0.00,9.87,3.58
20240123,7.57,0.00,7.26,2.27
20240124,3.19,0.00,8.39,3.30
20240125,10.47,0.00,10.04,4.35
20240126,2.37,0.00,5.98,2.62
20240127,7.49,0.00,9.09,5.06
20240128,11.95,0.00,8.17,2.23
20240101,5.06,0.00,9.81,2.94
20240102,4.47,0.00,12.38,3.28
20240103,11.71,0.00,13.28,2.47
20240204,6.34,0.00,8.02,5.52
20240205,5.92,0.00,7.11,4.01
20240206,8.11,0.00,8.98,2.94
20240207,0.27,0.00,9.54,4.05
20240208,8.53,0.00,6.33,5.20
20240209,5.78,0.00,10.87,2.52
20240210,3.42,0.00,9.59,4.91
20240211,8.54,0.00,10.64,3.97
20240212,9.60,0.00,10.06,3.46
20240213,9.05,0.00,11.64,4.08
20240214,5.87,0.00,13.26,2.11
20240215,6.67,0.00,15.28,1.42
20240216,3.03,0.00,9.05,3.63
20240217,2.22,0.00,11.20,3.10
20240218,9.70,0.00,9.70,2.90
20240219,7.71,0.00,12.40,3.32
20240220,4.64,0.00,9.40,3.65
20240221,4.59,0.00,11.13,5.52
20240222,11.64,0.00,9.82,4.06
20240223,3.25,0.00,10.62,4.46
20240224,15.67,0.00,13.51,4.17
20240225,17.28,0.00,10.70,4.74
20240226,12.34,0.00,13.60,2.41
20240227,4.87,0.00,10.07,3.86
20240228,9.36,0.00,10.72,4.88
20240201,10.45,0.00,13.08,3.58
20240202,6.47,0.00,15.79,1.30
20240203,13.40,0.00,13.91,4.65
20240204,9.85,9.25,15.56,4.50
20240205,9.55,0.00,11.91,3.89
20240306,10.64,0.00,13.81,4.13
20240307,6.40,0.00,13.84,2.99
20240308,6.48,2.54,16.14,3.88
20240309,11.24,0.00,16.74,3.31
20240310,17.58,0.00,14.37,2.28
20240311,12.20,0.00,14.51,5.23
20240312,13.94,0.00,16.33,2.34
20240313,9.92,0.00,13.81,3.46
20240314,1.70,0.00,14.45,2.44
20240315,12.60,0.00,12.72,4.13
20240316,11.24,0.00,13.81,3.52
20240317,14.24,0.00,13.46,2.93
20240318,9.58,0.00,13.93,2.26
20240319,13.50,5.69,14.23,2.40
20240320,14.99,0.00,14.09,5.03
20240321,6.55,12.36,14.28,3.79
20240322,9.43,0.00,17.84,5.02
20240323,7.61,0.00,16.17,3.40
20240324,16.10,0.00,15.34,3.58
20240325,14.72,0.00,18.48,4.04
20240326,18.09,0.00,14.18,4.01
20240327,16.10,0.00,17.79,2.60
20240328,9.76,0.00,17.32,3.37
20240301,12.29,0.78,12.24,5.14
20240302,7.35,0.00,18.59,4.52
20240303,18.23,0.00,17.11,5.07
20240304,10.87,0.00,19.01,2.80
20240305,22.38,0.00,15.75,3.55
20240306,12.59,5.22,18.04,3.84
20240307,17.21,0.00,17.66,3.82
20240308,17.70,0.00,20.99,2.87
20240409,23.68,0.00,19.89,3.01
20240410,17.92,0.00,17.50,4.25
20240411,12.39,0.00,19.81,3.92
20240412,10.72,0.00,18.50,4.33
20240413,17.03,0.00,16.23,3.30
20240414,15.69,0.00,14.24,3.36
20240415,21.85,0.00,19.73,3.80
20240416,18.13,0.00,19.61,2.66
20240417,21.24,0.00,15.01,4.00
20240418,13.40,0.00,19.43,2.90
20240419,18.80,0.00,18.53,3.71
20240420,12.16,0.00,20.65,2.67
20240421,17.81,0.00,17.26,1.67
20240422,27.22,0.00,19.99,5.03
20240423,21.13,0.00,20.58,4.12
20240424,15.74,0.00,20.24,2.32
20240425,14.75,0.00,22.86,3.26
20240426,24.37,0.00,22.49,4.03
20240427,13.44,0.00,17.71,3.10
20240428,20.13,0.00,19.36,3.99
20240401,16.02,0.00,21.28,1.63
20240402,21.68,0.00,21.32,3.85
20240403,12.52,0.00,20.63,4.36
20240404,25.13,0.00,20.39,3.19
20240405,30.52,13.63,20.44,2.35
20240406,21.24,0.00,18.86,3.62
20240407,24.75,0.00,20.17,4.05
20240408,25.46,0.00,18.59,1.97
20240409,19.67,0.00,22.06,3.77
20240410,20.77,0.00,17.96,1.96
20240511,25.90,0.00,23.39,4.24
20240512,27.14,0.00,20.24,1.70
20240513,23.55,0.00,20.29,3.10
20240514,24.50,0.00,20.38,2.75
20240515,23.53,16.13,16.77,1.65
20240516,20.93,0.00,23.12,2.44
20240517,19.01,6.01,21.70,4.27
20240518,20.16,0.00,18.03,2.09
20240519,28.73,0.00,19.88,4.14
20240520,22.89,0.00,25.87,5.56
20240521,24.13,0.00,20.92,5.06
20240522,27.51,3.16,16.37,2.61
20240523,22.84,0.00,24.22,2.52
20240524,25.09,4.40,25.48,2.69
20240525,27.03,0.00,22.59,4.89
20240526,24.75,0.00,23.03,3.94
20240527,23.61,0.00,20.32,4.42
20240528,26.60,0.00,25.36,1.98
20240501,29.88,0.00,21.80,4.19
20240502,26.92,0.00,21.92,4.96
20240503,32.85,0.00,21.65,3.37
20240504,22.24,0.00,21.84,3.75
20240505,21.95,0.00,22.20,4.35
20240506,30.12,0.00,23.66,3.61
20240507,25.80,0.00,22.94,2.38
20240508,23.15,0.00,19.72,3.85
20240509,31.49,0.00,24.19,2.61
20240510,30.97,0.00,24.36,3.32
20240511,28.39,0.00,21.97,3.08
20240512,26.19,0.00,25.93,1.96
20240513,26.17,0.00,21.11,2.42
20240614,30.76,6.04,24.54,4.14
20240615,27.11,0.00,22.94,3.08
20240616,26.97,0.00,21.94,5.02
20240617,31.77,0.00,27.99,3.49
20240618,20.39,0.00,25.03,3.31
20240619,29.82,1.60,28.63,2.73
20240620,30.26,0.00,22.33,3.27
20240621,28.03,0.00,24.74,3.95
20240622,29.04,0.00,25.02,4.04
20240623,37.83,0.00,25.42,2.74
20240624,24.89,0.00,22.22,4.05
20240625,30.76,0.00,24.39,5.08
20240626,35.95,4.01,21.54,2.83
20240627,30.63,0.00,23.07,4.60
20240628,27.22,2.07,24.36,4.17
20240601,28.17,0.00,23.56,3.68
20240602,36.74,0.00,23.41,3.13
20240603,36.08,0.00,26.09,3.43
20240604,27.74,5.59,23.72,5.54
20240605,32.78,0.00,22.14,4.82
20240606,30.05,0.00,24.50,3.52
20240607,29.54,0.00,28.15,3.13
20240608,35.01,6.63,26.92,3.06
20240609,34.34,1.86,24.13,4.26
20240610,31.21,0.00,22.15,2.98
20240611,34.62,0.00,25.88,3.20
20240612,33.48,5.93,26.29,3.25
20240613,35.14,0.00,23.99,3.40
20240614,30.19,0.00,22.00,2.53
20240615,33.80,0.00,25.36,3.81
20240716,29.21,0.00,23.26,3.94
20240717,38.54,3.45,23.35,2.73
20240718,30.60,0.00,26.82,4.51
20240719,36.32,0.00,23.45,2.92
20240720,29.07,0.00,25.58,4.19
20240721,28.04,0.00,22.23,3.44
20240722,31.94,0.41,22.55,4.40
20240723,30.40,0.00,21.23,3.05
20240724,36.77,0.00,24.28,3.97
20240725,32.59,0.00,23.68,4.38
20240726,29.33,0.00,23.13,2.31
20240727,34.29,0.00,24.15,2.36
20240728,32.92,0.00,22.24,4.06
20240701,29.43,0.00,20.82,3.14
20240702,38.26,1.68,25.23,3.74
20240703,33.77,0.00,26.12,2.14
20240704,37.08,0.00,21.28,4.12
20240705,37.34,0.00,25.10,1.35
20240706,26.10,0.00,23.21,4.10
20240707,33.93,0.00,20.17,2.04
20240708,36.48,5.52,26.20,2.80
20240709,33.63,3.44,22.36,1.56
20240710,36.44,0.00,26.53,3.52
20240711,33.85,15.66,23.93,2.93
20240712,33.60,0.00,24.97,4.32
20240713,27.73,0.00,23.51,3.18
20240714,33.23,0.00,20.26,3.96
20240715,28.15,0.00,22.34,2.48
20240716,22.66,1.89,22.58,4.40
20240717,33.56,0.00,18.88,2.60
20240818,30.80,0.00,20.83,3.79
20240819,27.58,0.00,21.21,2.97
20240820,29.29,0.00,24.91,3.70
20240821,34.93,0.00,23.26,4.27
20240822,35.08,0.00,20.18,3.58
20240823,33.40,0.00,22.18,5.07
20240824,23.34,0.00,21.31,3.99
20240825,30.74,13.49,20.00,4.91
20240826,24.27,0.00,24.14,3.85
20240827,28.58,0.00,20.40,5.51
20240828,33.07,0.00,22.21,4.08
20240801,34.60,0.00,19.75,3.30
20240802,26.20,0.00,21.65,3.03
20240803,29.60,0.00,22.85,3.68
20240804,28.04,0.00,19.38,5.06
20240805,28.26,0.00,18.84,4.38
20240806,31.61,0.00,22.79,4.10
20240807,30.12,0.00,21.56,3.73
20240808,26.52,0.00,20.17,2.43
20240809,21.78,0.00,19.24,5.78
20240810,30.03,0.00,21.72,3.61
20240811,27.64,0.00,17.96,2.24
20240812,23.19,0.00,20.33,1.61
20240813,34.83,0.00,20.59,3.82
20240814,30.06,0.00,19.28,3.65
20240815,31.65,0.00,19.90,2.10
20240816,24.61,0.00,21.70,4.95
20240817,25.57,0.00,18.17,2.60
20240818,27.97,0.00,19.59,1.23
20240819,31.94,0.00,21.05,4.89
20240820,39.55,0.00,17.84,3.63
20240921,28.80,0.00,20.92,3.10
20240922,26.98,0.00,20.07,4.00
20240923,20.50,0.00,16.49,2.60
20240924,23.65,0.00,19.54,4.11
20240925,20.51,0.00,20.31,4.43
20240926,26.89,0.00,19.28,3.29
20240927,20.54,0.00,18.94,4.70
20240928,33.46,0.00,18.73,3.41
20240901,26.29,0.00,15.39,3.65
20240902,23.81,0.00,18.74,1.41
20240903,18.75,0.00,18.38,2.65
20240904,25.12,0.00,16.11,2.85
20240905,25.77,0.00,15.85,4.00
20240906,25.07,0.00,15.76,2.53
20240907,24.54,0.00,16.14,1.69
20240908,23.95,0.00,15.75,4.51
20240909,20.15,0.00,16.66,4.86
20240910,18.92,0.00,12.63,2.74
20240911,21.74,0.00,17.14,3.64
20240912,19.58,0.00,14.52,3.12
20240913,21.46,0.00,14.03,3.94
20240914,26.66,0.00,16.88,5.40
20240915,17.78,0.00,16.74,3.47
20240916,27.79,0.00,15.64,4.08
20240917,13.35,0.00,15.49,2.59
20240918,19.11,0.00,17.86,2.61
20240919,26.44,0.00,15.98,3.11
20240920,20.91,0.00,14.80,2.89
20240921,24.62,0.00,14.45,3.22
20240922,18.43,0.00,13.24,3.82
20241023,17.83,0.00,14.89,4.06
20241024,25.84,0.00,11.69,3.66
20241025,21.90,0.00,14.32,2.77
20241026,15.86,0.00,13.61,4.40
20241027,24.38,0.00,15.07,3.47
20241028,21.30,0.00,12.11,5.00
20241001,12.83,0.00,14.73,2.47
20241002,16.68,0.00,16.40,3.29
20241003,24.44,0.00,10.21,3.54
20241004,10.73,0.00,8.94,4.43
20241005,19.79,0.00,13.99,3.68
20241006,15.95,0.00,11.55,3.08
20241007,16.28,0.00,16.04,3.82
20241008,13.41,0.00,12.91,2.71
20241009,17.12,0.00,13.64,3.08
20241010,20.56,0.00,12.90,2.10
20241011,23.37,0.00,16.22,3.15
20241012,19.99,0.00,11.61,4.77
20241013,10.46,0.00,8.94,5.46
20241014,19.67,0.00,11.27,4.45
20241015,24.18,0.00,8.18,4.63
20241016,11.84,0.00,10.75,1.96
20241017,5.66,0.00,11.80,3.36
20241018,11.90,0.00,9.21,2.16
20241019,8.38,0.00,11.75,1.77
20241020,21.07,0.00,10.11,3.02
20241021,19.56,0.00,10.96,5.04
20241022,17.43,0.00,10.04,5.61
20241023,11.15,0.00,8.83,1.72
20241024,12.74,0.00,5.75,3.24
20241025,22.30,0.00,11.39,3.25
20241126,12.15,0.00,10.73,3.29
20241127,13.49,5.17,8.58,2.10
20241128,10.73,0.00,10.76,2.84
20241101,19.65,0.00,8.77,3.77
20241102,15.54,0.00,8.87,3.55
20241103,8.61,0.00,11.04,1.33
20241104,10.43,0.00,11.15,3.29
20241105,12.48,0.00,12.52,3.89
20241106,13.80,0.00,9.55,2.87
20241107,14.85,0.00,10.05,4.27
20241108,11.01,0.00,10.93,3.72
20241109,19.79,0.00,11.70,2.55
20241110,13.61,0.00,6.29,5.03
20241111,9.60,0.00,8.20,2.67
20241112,15.00,0.00,9.65,2.59
20241113,8.93,0.00,8.68,3.32
20241114,13.32,0.00,9.17,3.55
20241115,9.26,0.00,7.91,4.30
20241116,9.80,0.00,10.39,4.65
20241117,10.46,0.00,10.40,4.13
20241118,7.35,0.00,5.96,2.29
20241119,7.46,0.00,10.87,4.44
20241120,5.69,0.00,12.14,4.34
20241121,8.06,0.00,7.34,1.57
20241122,5.22,0.00,9.26,3.60
20241123,9.60,0.00,9.79,2.96
20241124,6.54,0.00,11.63,1.71
20241125,3.34,0.00,6.61,2.88
20241126,7.48,0.00,10.15,4.12
20241127,10.23,0.00,10.05,0.50
20241228,10.36,0.00,12.76,2.76
20241201,8.39,0.00,6.16,3.67
20241202,8.51,0.00,10.15,4.73
20241203,14.68,0.00,11.39,2.69
20241204,8.04,0.00,10.22,4.33
20241205,8.94,0.00,5.00,3.57
20241206,6.45,0.00,9.53,5.43
20241207,10.88,0.00,7.33,2.29
20241208,12.34,0.00,8.45,1.98
20241209,4.88,0.00,9.20,3.08
20241210,6.93,0.00,7.54,4.89
20241211,8.95,0.00,7.40,4.87
20241212,0.55,0.00,6.11,1.41
20241213,3.84,0.00,7.55,2.05
20241214,5.38,0.00,5.00,2.98
20241215,2.07,0.00,10.85,4.18
20241216,8.66,0.00,8.62,3.62
20241217,11.48,0.00,6.33,5.04
20241218,5.94,0.00,11.28,3.11
20241219,5.32,0.00,5.65,2.52
20241220,5.62,0.00,6.32,3.38
20241221,6.44,0.00,6.53,3.29
20241222,0.44,0.00,7.28,1.47
20241223,2.21,0.00,5.97,4.54
20241224,5.76,0.00,7.93,4.05
20241225,4.17,0.00,9.26,2.70
20241226,6.62,0.00,8.14,3.14
20241227,9.36,0.00,10.38,3.96
20241228,10.45,0.00,10.12,4.37
20241201,7.15,0.00,11.08,2.11
