policy,profit_mean,profit_std,yield_mean,yield_std,irrigation_mean,irrigation_std,rainfall_mean,total_water_mean,iwue_mean,iwue_std,wue_mean,wue_std,stress_days_mean,stress_days_std
Random,658.1520850477668,46.95808870575025,3591.922091926313,224.30481458445132,1100.5897931335173,44.48922462597341,16.114788974606654,1116.7045821081238,3.264916271044263,0.1776936397366863,3.21764024784508,0.1702443929844958,112.63333333333334,3.5353767676004333
Farmer (10-day),1165.0370031619323,21.557385083121847,5712.8954689178745,97.98811401419017,765.0,0.0,16.114788974606654,781.1147889746067,7.46783721427173,0.12808903792704593,7.313778030125772,0.06958319554632386,80.96666666666667,3.7191695608323943
Threshold (0.45),1539.9292248239774,5.338706955116804,7600.0,0.0,1100.5897931335173,44.48922462597341,16.114788974606654,1116.7045821081238,6.916570801164923,0.27690453934908626,6.817237860570026,0.2788137731326332,21.133333333333333,6.83487787422391
TSA-SAC (ours),1549.3231114093028,1.8133248487782316,7600.0,0.0,1022.3074049224789,15.11104040648522,16.114788974606654,1038.4221938970857,7.435804911740542,0.11110198106132693,7.3193839674955,0.06540681476155344,16.2,2.4413111231467406
