{
  "Random": {
    "profit_mean": 600.3008305193226,
    "profit_std": 26.463522896001358,
    "profit_min": 573.7190587062986,
    "profit_max": 680.683938253773,
    "yield_std": 121.67024026578278,
    "irrigation_mean": 236.9494865505995,
    "irrigation_std": 29.792909680788732,
    "yield_mean": 2771.7218635515756,
    "rainfall_mean": 16.114788974606654,
    "total_water_mean": 253.06427552520614,
    "stress_days_mean": 127.13333333333334,
    "stress_days_std": 1.3597385369580761,
    "iwue_mean": 11.864269701603131,
    "iwue_std": 1.4244048287979074,
    "wue_mean": 11.10276007042866,
    "wue_std": 1.240051247008637
  },
  "Farmer (10-day)": {
    "profit_mean": 842.699124408675,
    "profit_std": 52.13695372247369,
    "profit_min": 758.8497558081905,
    "profit_max": 948.0619487403707,
    "yield_std": 241.9809886844185,
    "irrigation_mean": 236.87047244974312,
    "irrigation_std": 29.859444126733468,
    "yield_mean": 3873.5179241212045,
    "rainfall_mean": 16.114788974606654,
    "total_water_mean": 252.98526142434983,
    "stress_days_mean": 109.3,
    "stress_days_std": 3.796050579220461,
    "iwue_mean": 16.49426280956387,
    "iwue_std": 1.2058719467764656,
    "wue_mean": 15.44699312167521,
    "wue_std": 1.0788025653383515
  },
  "Threshold (0.45)": {
    "profit_mean": 871.7908667177888,
    "profit_std": 54.17311484102435,
    "profit_min": 780.5802882769422,
    "profit_max": 996.5913756182651,
    "yield_std": 250.63735182767294,
    "irrigation_mean": 236.9494865505995,
    "irrigation_std": 29.792909680788732,
    "yield_mean": 4005.767482635513,
    "rainfall_mean": 16.114788974606654,
    "total_water_mean": 253.06427552520614,
    "stress_days_mean": 106.46666666666667,
    "stress_days_std": 4.1931160516043695,
    "iwue_mean": 17.064201945907044,
    "iwue_std": 1.4174777482990524,
    "wue_mean": 15.979454521177773,
    "wue_std": 1.2632739701925193
  },
  "TSA-SAC (ours)": {
    "profit_mean": 867.5449943707193,
    "profit_std": 51.96195402859625,
    "profit_min": 781.8398280283812,
    "profit_max": 973.0346850370884,
    "yield_std": 240.78729957466123,
    "irrigation_mean": 236.9494865505995,
    "irrigation_std": 29.792909680788735,
    "yield_mean": 3986.4680628761066,
    "rainfall_mean": 16.114788974606654,
    "total_water_mean": 253.06427552520614,
    "stress_days_mean": 107.56666666666666,
    "stress_days_std": 3.818231120412814,
    "iwue_mean": 16.98097706801495,
    "iwue_std": 1.3704358869029207,
    "wue_mean": 15.90162221212706,
    "wue_std": 1.2180652143899373
  }
}