{
  "Random": {
    "profit_mean": 468.5605873200151,
    "profit_std": 36.095892788691074,
    "profit_min": 408.7106126293544,
    "profit_max": 534.1317049724246,
    "yield_std": 166.4575840184962,
    "irrigation_mean": 733.7265287556781,
    "irrigation_std": 29.65948308398228,
    "yield_mean": 2530.035321684984,
    "rainfall_mean": 16.114788974606654,
    "total_water_mean": 749.8413177302848,
    "stress_days_mean": 129.46666666666667,
    "stress_days_std": 2.404625172916191,
    "iwue_mean": 3.451949079932585,
    "iwue_std": 0.24032781823970076,
    "wue_mean": 3.3770784950673463,
    "wue_std": 0.22019946587915273
  },
  "Farmer (10-day)": {
    "profit_mean": 1144.8981516730503,
    "profit_std": 26.17036582116669,
    "profit_min": 1102.4428631214425,
    "profit_max": 1211.1263704519556,
    "yield_std": 127.33633816693097,
    "irrigation_mean": 731.0698511137747,
    "irrigation_std": 25.20839494012864,
    "yield_mean": 5602.847880939561,
    "rainfall_mean": 16.114788974606654,
    "total_water_mean": 747.1846400883813,
    "stress_days_mean": 87.3,
    "stress_days_std": 5.6341222327291876,
    "iwue_mean": 7.6692006659410765,
    "iwue_std": 0.20376780680993603,
    "wue_mean": 7.503738651945263,
    "wue_std": 0.16389235653839676
  },
  "Threshold (0.45)": {
    "profit_mean": 1356.6343696670779,
    "profit_std": 42.117819787478574,
    "profit_min": 1284.2644831214386,
    "profit_max": 1447.8285156595543,
    "yield_std": 204.9688798591964,
    "irrigation_mean": 733.7265287556781,
    "irrigation_std": 29.65948308398228,
    "yield_mean": 6566.734332353452,
    "rainfall_mean": 16.114788974606654,
    "total_water_mean": 749.8413177302848,
    "stress_days_mean": 64.13333333333334,
    "stress_days_std": 3.5188381921057723,
    "iwue_mean": 8.954877194256023,
    "iwue_std": 0.1942967702592107,
    "wue_mean": 8.76240007777563,
    "wue_std": 0.148714653082725
  },
  "TSA-SAC (ours)": {
    "profit_mean": 1485.2910488125754,
    "profit_std": 45.99813524302031,
    "profit_min": 1406.6878682080232,
    "profit_max": 1577.7113115219304,
    "yield_std": 222.91957158936466,
    "irrigation_mean": 733.7265287556781,
    "irrigation_std": 29.65948308398228,
    "yield_mean": 7151.537419378439,
    "rainfall_mean": 16.114788974606654,
    "total_water_mean": 749.8413177302848,
    "stress_days_mean": 55.833333333333336,
    "stress_days_std": 3.821721543435047,
    "iwue_mean": 9.752159010511185,
    "iwue_std": 0.20153104995449148,
    "wue_mean": 9.542682431490617,
    "wue_std": 0.15796541397393654
  }
}