policy,profit_mean,profit_std,yield_mean,yield_std,irrigation_mean,irrigation_std,rainfall_mean,total_water_mean,iwue_mean,iwue_std,wue_mean,wue_std,stress_days_mean,stress_days_std
Random,600.3008305193226,26.463522896001358,2771.7218635515756,121.67024026578278,236.9494865505995,29.792909680788732,16.114788974606654,253.06427552520614,11.864269701603131,1.4244048287979074,11.10276007042866,1.240051247008637,127.13333333333334,1.3597385369580761
Farmer (10-day),842.699124408675,52.13695372247369,3873.5179241212045,241.9809886844185,236.87047244974312,29.859444126733468,16.114788974606654,252.98526142434983,16.49426280956387,1.2058719467764656,15.44699312167521,1.0788025653383515,109.3,3.796050579220461
Threshold (0.45),871.7908667177888,54.17311484102435,4005.767482635513,250.63735182767294,236.9494865505995,29.792909680788732,16.114788974606654,253.06427552520614,17.064201945907044,1.4174777482990524,15.979454521177773,1.2632739701925193,106.46666666666667,4.1931160516043695
TSA-SAC (ours),867.5449943707193,51.96195402859625,3986.4680628761066,240.78729957466123,236.9494865505995,29.792909680788735,16.114788974606654,253.06427552520614,16.98097706801495,1.3704358869029207,15.90162221212706,1.2180652143899373,107.56666666666666,3.818231120412814
