{
  "Random": {
    "profit_mean": 658.1520850477668,
    "profit_std": 46.95808870575025,
    "profit_min": 582.1797430209649,
    "profit_max": 785.3720390302021,
    "yield_std": 224.30481458445132,
    "irrigation_mean": 1100.5897931335173,
    "irrigation_std": 44.48922462597341,
    "yield_mean": 3591.922091926313,
    "rainfall_mean": 16.114788974606654,
    "total_water_mean": 1116.7045821081238,
    "stress_days_mean": 112.63333333333334,
    "stress_days_std": 3.5353767676004333,
    "iwue_mean": 3.264916271044263,
    "iwue_std": 0.1776936397366863,
    "wue_mean": 3.21764024784508,
    "wue_std": 0.1702443929844958
  },
  "Farmer (10-day)": {
    "profit_mean": 1165.0370031619323,
    "profit_std": 21.557385083121847,
    "profit_min": 1135.6272015238364,
    "profit_max": 1241.0561763014236,
    "yield_std": 97.98811401419017,
    "irrigation_mean": 765.0,
    "irrigation_std": 0.0,
    "yield_mean": 5712.8954689178745,
    "rainfall_mean": 16.114788974606654,
    "total_water_mean": 781.1147889746067,
    "stress_days_mean": 80.96666666666667,
    "stress_days_std": 3.7191695608323943,
    "iwue_mean": 7.46783721427173,
    "iwue_std": 0.12808903792704593,
    "wue_mean": 7.313778030125772,
    "wue_std": 0.06958319554632386
  },
  "Threshold (0.45)": {
    "profit_mean": 1539.9292248239774,
    "profit_std": 5.338706955116804,
    "profit_min": 1528.8486374853396,
    "profit_max": 1548.7703025375517,
    "yield_std": 0.0,
    "irrigation_mean": 1100.5897931335173,
    "irrigation_std": 44.48922462597341,
    "yield_mean": 7600.0,
    "rainfall_mean": 16.114788974606654,
    "total_water_mean": 1116.7045821081238,
    "stress_days_mean": 21.133333333333333,
    "stress_days_std": 6.83487787422391,
    "iwue_mean": 6.916570801164923,
    "iwue_std": 0.27690453934908626,
    "wue_mean": 6.817237860570026,
    "wue_std": 0.2788137731326332
  },
  "TSA-SAC (ours)": {
    "profit_mean": 1549.3231114093028,
    "profit_std": 1.8133248487782316,
    "profit_min": 1545.8981997680664,
    "profit_max": 1554.3076638031007,
    "yield_std": 0.0,
    "irrigation_mean": 1022.3074049224789,
    "irrigation_std": 15.11104040648522,
    "yield_mean": 7600.0,
    "rainfall_mean": 16.114788974606654,
    "total_water_mean": 1038.4221938970857,
    "stress_days_mean": 16.2,
    "stress_days_std": 2.4413111231467406,
    "iwue_mean": 7.435804911740542,
    "iwue_std": 0.11110198106132693,
    "wue_mean": 7.3193839674955,
    "wue_std": 0.06540681476155344
  }
}