{
  "episode": [
    1,
    2,
    3,
    4,
    5,
    6,
    7,
    8,
    9,
    10,
    11,
    12,
    13,
    14,
    15,
    16,
    17,
    18,
    19,
    20
  ],
  "reward": [
    -236.25985954141376,
    -228.5099413840169,
    -219.75322467127634,
    -233.9101917139085,
    -226.97835900204262,
    -176.98370186994234,
    -164.53602262395978,
    -198.223083710072,
    -155.86260902119122,
    -163.7447603467536,
    -98.53916860995523,
    -142.92026280420754,
    -164.40278149033074,
    -180.7962122555403,
    -169.3116499188314,
    -136.1571627218199,
    -134.5306583979075,
    -168.00017682191418,
    -137.60303436086016,
    -180.29428244044138
  ],
  "profit": [
    361.8638299942196,
    407.6604074453713,
    437.05956191260873,
    362.90086082028586,
    381.60947098293593,
    590.7809255639586,
    632.518950384561,
    506.0095064977882,
    671.818551160672,
    625.3413005515777,
    819.3167334434584,
    699.5580287958044,
    624.2789025828213,
    583.831010651441,
    594.9389413229022,
    726.303563552661,
    725.3600473608095,
    652.1894945879802,
    724.585562099636,
    574.5072904040416
  ],
  "irrigation": [
    694.1005258703121,
    756.5348048161493,
    753.4112425338199,
    700.962080590477,
    727.5191109656444,
    760.9603017506928,
    726.049765547526,
    701.8155531927528,
    728.0936096414817,
    740.8417602378123,
    791.0962954435902,
    693.280403724846,
    740.3572062240822,
    761.6591834323083,
    769.5058233195567,
    743.1093645895477,
    764.5027621649857,
    692.9872934253797,
    745.9715882585895,
    798.4914723368961
  ],
  "yield": [
    2023.4358777211683,
    2265.657200105951,
    2397.5859591666685,
    2031.8923204142868,
    2131.417110449151,
    3100.437098972917,
    3271.113282955746,
    2682.8516949132663,
    3450.8626559893173,
    3246.555962636887,
    4155.674040439496,
    3557.9621692853902,
    3241.462578771414,
    3069.2277848332637,
    3123.9983641874956,
    3706.712215015485,
    3714.092631002763,
    3342.490771813754,
    3700.464330412122,
    3046.9375776566776
  ],
  "critic_loss": [
    0.0,
    0.0,
    1.8412992556889851,
    1.69166440262514,
    0.6402853517847903,
    0.13585414649809108,
    0.17372333915794597,
    0.24296723463956046,
    0.30009667925974903,
    0.2838452391764697,
    0.25074077914742865,
    0.2508899210130467,
    0.2677481141160516,
    0.26212451124892516,
    0.2794142740614274,
    0.3187542720752604,
    0.31382522302515364,
    0.33435716418658984,
    0.38702850937843325,
    0.3812743993366466
  ],
  "actor_loss": [
    0.0,
    0.0,
    -0.467606986562411,
    -0.3354405852527741,
    0.10908856100457556,
    0.1396780362681431,
    0.1509927486014717,
    0.17660519375520595,
    0.2526819791425677,
    0.3821621993885321,
    0.4682493945254999,
    0.461584756304236,
    0.6744203185333925,
    0.8949126359294443,
    1.1158771027536953,
    1.2632142845322103,
    1.5089384955518386,
    1.5835576520246617,
    1.7607618137317544,
    2.0449294426861933
  ],
  "alpha": [
    0.0,
    0.0,
    0.19992996752262115,
    0.1990233691299663,
    0.19736540755804846,
    0.19573454576380112,
    0.19406055702882655,
    0.1924091325086706,
    0.1907769336419947,
    0.18916211373665753,
    0.1875603802063886,
    0.185968758428798,
    0.18439214212052962,
    0.1828262730556376,
    0.18127139175639434,
    0.1797331121037988,
    0.17820691922131707,
    0.1766917851041345,
    0.17519239976125606,
    0.17370760844034308
  ]
}