{
  "episode": [
    1,
    2
  ],
  "reward": [
    374.0616248682642,
    420.2187548404525
  ],
  "profit": [
    570.2936895178666,
    606.4751177263801
  ],
  "irrigation": [
    232.16111696192522,
    246.4201185012148
  ],
  "yield": [
    2634.4551554379254,
    2801.5087384837666
  ],
  "critic_loss": [
    4.365224496392567,
    3734.444658349761
  ],
  "actor_loss": [
    -8.890619828150822,
    -11.029399608163272
  ],
  "alpha": [
    0.9748470755018426,
    0.9263671520878287
  ]
}