{
  "SAC-MLP": {
    "profit_mean": 785.6720757576885,
    "profit_std": 41.87008979974714,
    "profit_min": 695.9170523440995,
    "profit_max": 840.7244646999093,
    "yield_std": 194.7811538509833,
    "irrigation_mean": 253.9885641490389,
    "irrigation_std": 28.832917442161868,
    "yield_mean": 3617.416446925681,
    "rainfall_mean": 15.664860889597534,
    "total_water_mean": 269.6534250386364,
    "stress_days_mean": 113.16666666666667,
    "stress_days_std": 3.3124344857252983,
    "iwue_mean": 14.358481898867902,
    "iwue_std": 1.1095323376648576,
    "wue_mean": 13.533958080199705,
    "wue_std": 1.0483043360950501,
    "encoder_type": "mlp",
    "dynamic_reward": false,
    "seq_len": 1,
    "lstm_hidden": 32
  },
  "SAC-BiLSTM": {
    "profit_mean": 849.4208556611312,
    "profit_std": 49.55554139313494,
    "profit_min": 743.3255877472957,
    "profit_max": 918.3206583237003,
    "yield_std": 229.7212163851835,
    "irrigation_mean": 253.9885641490389,
    "irrigation_std": 28.832917442161857,
    "yield_mean": 3907.1836283049684,
    "rainfall_mean": 15.664860889597534,
    "total_water_mean": 269.6534250386364,
    "stress_days_mean": 108.41666666666667,
    "stress_days_std": 3.707162736589204,
    "iwue_mean": 15.501210272485809,
    "iwue_std": 1.159577626297698,
    "wue_mean": 14.610709766331103,
    "wue_std": 1.0903528000719487,
    "encoder_type": "bilstm",
    "dynamic_reward": false,
    "seq_len": 7,
    "lstm_hidden": 32
  },
  "TSA-SAC w/o DynReward": {
    "profit_mean": 761.308144643439,
    "profit_std": 44.87558374887357,
    "profit_min": 689.738649780138,
    "profit_max": 831.187857058387,
    "yield_std": 208.92216910113245,
    "irrigation_mean": 253.63068209462537,
    "irrigation_std": 28.60340364621486,
    "yield_mean": 3506.6062360328374,
    "rainfall_mean": 15.664860889597534,
    "total_water_mean": 269.2955429842229,
    "stress_days_mean": 114.75,
    "stress_days_std": 3.5619517121937516,
    "iwue_mean": 13.918571622077161,
    "iwue_std": 0.8633790942129288,
    "wue_mean": 13.120314979334147,
    "wue_std": 0.8575489795471448,
    "encoder_type": "tsa",
    "dynamic_reward": false,
    "seq_len": 7,
    "lstm_hidden": 32
  },
  "TSA-SAC Full": {
    "profit_mean": 783.6242125203304,
    "profit_std": 46.46644567601588,
    "profit_min": 703.3527184369043,
    "profit_max": 857.4441473099557,
    "yield_std": 216.1985200619269,
    "irrigation_mean": 253.9885641490389,
    "irrigation_std": 28.832917442161865,
    "yield_mean": 3608.1079776649644,
    "rainfall_mean": 15.664860889597534,
    "total_water_mean": 269.6534250386364,
    "stress_days_mean": 113.25,
    "stress_days_std": 3.514849451493857,
    "iwue_mean": 14.30242869539532,
    "iwue_std": 0.8878329505706748,
    "wue_mean": 13.48448562165713,
    "wue_std": 0.9027841956531035,
    "encoder_type": "tsa",
    "dynamic_reward": true,
    "seq_len": 7,
    "lstm_hidden": 32
  }
}