variant,profit_mean,profit_std,yield_mean,yield_std,irrigation_mean,iwue_mean,wue_mean,stress_days_mean,encoder_type,dynamic_reward,seq_len,lstm_hidden
SAC-MLP,1537.388310116839,5.048074801653871,7600.0,0.0,1121.7640823596757,6.784628396033992,6.692501042962786,4.5,mlp,False,1,128
SAC-BiLSTM,1537.388310116839,5.048074801653871,7600.0,0.0,1121.7640823596757,6.784628396033992,6.692501042962786,4.45,bilstm,False,7,128
TSA-SAC w/o DynReward,1537.388310116839,5.048074801653871,7600.0,0.0,1121.7640823596757,6.784628396033992,6.692501042962786,3.75,tsa,False,7,128
TSA-SAC Full,1537.388310116839,5.048074801653871,7600.0,0.0,1121.7640823596757,6.784628396033992,6.692501042962786,4.95,tsa,True,7,128
