variant,profit_mean,profit_std,yield_mean,yield_std,irrigation_mean,iwue_mean,wue_mean,stress_days_mean,encoder_type,dynamic_reward,seq_len,lstm_hidden
SAC-MLP,785.6720757576885,41.87008979974714,3617.416446925681,194.7811538509833,253.9885641490389,14.358481898867902,13.533958080199705,113.16666666666667,mlp,False,1,32
SAC-BiLSTM,849.4208556611312,49.55554139313494,3907.1836283049684,229.7212163851835,253.9885641490389,15.501210272485809,14.610709766331103,108.41666666666667,bilstm,False,7,32
TSA-SAC w/o DynReward,761.308144643439,44.87558374887357,3506.6062360328374,208.92216910113245,253.63068209462537,13.918571622077161,13.120314979334147,114.75,tsa,False,7,32
TSA-SAC Full,783.6242125203304,46.46644567601588,3608.1079776649644,216.1985200619269,253.9885641490389,14.30242869539532,13.48448562165713,113.25,tsa,True,7,32
