{
  "SAC-MLP": {
    "profit_mean": 1537.388310116839,
    "profit_std": 5.048074801653871,
    "profit_min": 1529.9892627119832,
    "profit_max": 1545.244439592415,
    "yield_std": 0.0,
    "irrigation_mean": 1121.7640823596757,
    "irrigation_std": 42.067290013782305,
    "yield_mean": 7600.0,
    "rainfall_mean": 15.73415617970215,
    "total_water_mean": 1137.4982385393776,
    "stress_days_mean": 4.5,
    "stress_days_std": 5.4359911699707535,
    "iwue_mean": 6.784628396033992,
    "iwue_std": 0.2556838979629198,
    "wue_mean": 6.692501042962786,
    "wue_std": 0.2747080300017437,
    "encoder_type": "mlp",
    "dynamic_reward": false,
    "seq_len": 1,
    "lstm_hidden": 128
  },
  "SAC-BiLSTM": {
    "profit_mean": 1537.388310116839,
    "profit_std": 5.048074801653871,
    "profit_min": 1529.9892627119832,
    "profit_max": 1545.244439592415,
    "yield_std": 0.0,
    "irrigation_mean": 1121.7640823596757,
    "irrigation_std": 42.067290013782305,
    "yield_mean": 7600.0,
    "rainfall_mean": 15.73415617970215,
    "total_water_mean": 1137.4982385393776,
    "stress_days_mean": 4.45,
    "stress_days_std": 5.517925334761245,
    "iwue_mean": 6.784628396033992,
    "iwue_std": 0.2556838979629198,
    "wue_mean": 6.692501042962786,
    "wue_std": 0.2747080300017437,
    "encoder_type": "bilstm",
    "dynamic_reward": false,
    "seq_len": 7,
    "lstm_hidden": 128
  },
  "TSA-SAC w/o DynReward": {
    "profit_mean": 1537.388310116839,
    "profit_std": 5.048074801653871,
    "profit_min": 1529.9892627119832,
    "profit_max": 1545.244439592415,
    "yield_std": 0.0,
    "irrigation_mean": 1121.7640823596757,
    "irrigation_std": 42.067290013782305,
    "yield_mean": 7600.0,
    "rainfall_mean": 15.73415617970215,
    "total_water_mean": 1137.4982385393776,
    "stress_days_mean": 3.75,
    "stress_days_std": 4.938370176485355,
    "iwue_mean": 6.784628396033992,
    "iwue_std": 0.2556838979629198,
    "wue_mean": 6.692501042962786,
    "wue_std": 0.2747080300017437,
    "encoder_type": "tsa",
    "dynamic_reward": false,
    "seq_len": 7,
    "lstm_hidden": 128
  },
  "TSA-SAC Full": {
    "profit_mean": 1537.388310116839,
    "profit_std": 5.048074801653871,
    "profit_min": 1529.9892627119832,
    "profit_max": 1545.244439592415,
    "yield_std": 0.0,
    "irrigation_mean": 1121.7640823596757,
    "irrigation_std": 42.067290013782305,
    "yield_mean": 7600.0,
    "rainfall_mean": 15.73415617970215,
    "total_water_mean": 1137.4982385393776,
    "stress_days_mean": 4.95,
    "stress_days_std": 6.020589672116845,
    "iwue_mean": 6.784628396033992,
    "iwue_std": 0.2556838979629198,
    "wue_mean": 6.692501042962786,
    "wue_std": 0.2747080300017437,
    "encoder_type": "tsa",
    "dynamic_reward": true,
    "seq_len": 7,
    "lstm_hidden": 128
  }
}